Command line invocation:
    /Applications/Xcode.app/Contents/Developer/usr/bin/xcodebuild -project VectorLens.xcodeproj -scheme VectorLens -destination generic/platform=iOS CODE_SIGN_IDENTITY= CODE_SIGNING_REQUIRED=NO build

Build settings from command line:
    CODE_SIGN_IDENTITY = 
    CODE_SIGNING_REQUIRED = NO

Resolve Package Graph
Invalid Exclude '/Users/harrisonfarrell/Desktop/IB/embeddingios/SlipStream/build': File not found.Invalid Exclude '/Users/harrisonfarrell/Desktop/IB/embeddingios/SlipStream/.git': File not found.

Resolved source packages:
  SlipStream: /Users/harrisonfarrell/Desktop/IB/embeddingios/SlipStream

2026-03-31 17:31:45.893 xcodebuild[68181:3200626] [MT] IDERunDestination: Supported platforms for the buildables in the current scheme is empty.
note: Using codesigning identity override: 
ComputePackagePrebuildTargetDependencyGraph

Prepare packages

CreateBuildRequest

SendProjectDescription

CreateBuildOperation

ComputeTargetDependencyGraph
note: Building targets in dependency order
note: Target dependency graph (5 targets)
    Target 'VectorLens' in project 'VectorLens'
        ➜ Explicit dependency on target 'SlipStream' in project 'SlipStream'
    Target 'SlipStream' in project 'SlipStream'
        ➜ Explicit dependency on target 'SlipStream' in project 'SlipStream'
        ➜ Explicit dependency on target 'CSlipStream' in project 'SlipStream'
    Target 'SlipStream' in project 'SlipStream'
        ➜ Explicit dependency on target 'CSlipStream' in project 'SlipStream'
    Target 'CSlipStream' in project 'SlipStream'
        ➜ Explicit dependency on target 'SlipStream_CSlipStream' in project 'SlipStream'
    Target 'SlipStream_CSlipStream' in project 'SlipStream' (no dependencies)

GatherProvisioningInputs

CreateBuildDescription

ExecuteExternalTool /Applications/Xcode.app/Contents/Developer/Toolchains/XcodeDefault.xctoolchain/usr/bin/clang -v -E -dM -isysroot /Applications/Xcode.app/Contents/Developer/Platforms/iPhoneOS.platform/Developer/SDKs/iPhoneOS26.1.sdk -x c -c /dev/null

ExecuteExternalTool /Applications/Xcode.app/Contents/Developer/usr/bin/ibtool --version --output-format xml1

ExecuteExternalTool /Applications/Xcode.app/Contents/Developer/Toolchains/XcodeDefault.xctoolchain/usr/bin/swiftc --version

ExecuteExternalTool /Applications/Xcode.app/Contents/Developer/usr/bin/actool --version --output-format xml1

ExecuteExternalTool /Applications/Xcode.app/Contents/Developer/Toolchains/XcodeDefault.xctoolchain/usr/bin/clang -v -E -dM -arch arm64 -isysroot /Applications/Xcode.app/Contents/Developer/Platforms/iPhoneOS.platform/Developer/SDKs/iPhoneOS26.1.sdk -x objective-c -c /dev/null

ExecuteExternalTool /Applications/Xcode.app/Contents/Developer/Toolchains/XcodeDefault.xctoolchain/usr/bin/clang -v -E -dM -arch arm64 -isysroot /Applications/Xcode.app/Contents/Developer/Platforms/iPhoneOS.platform/Developer/SDKs/iPhoneOS26.1.sdk -x c -c /dev/null

ExecuteExternalTool /Applications/Xcode.app/Contents/Developer/Toolchains/XcodeDefault.xctoolchain/usr/bin/ld -version_details

ExecuteExternalTool /Applications/Xcode.app/Contents/Developer/Toolchains/XcodeDefault.xctoolchain/usr/bin/clang -v -E -dM -arch arm64 -isysroot /Applications/Xcode.app/Contents/Developer/Platforms/iPhoneOS.platform/Developer/SDKs/iPhoneOS26.1.sdk -x c++ -c /dev/null

Build description signature: 60d797e28a82431b250b9103e2bfd661
Build description path: /Users/harrisonfarrell/Library/Developer/Xcode/DerivedData/VectorLens-cmecbypnyvqqbwcqspvgkepbizxj/Build/Intermediates.noindex/XCBuildData/60d797e28a82431b250b9103e2bfd661.xcbuilddata
ClangStatCache /Applications/Xcode.app/Contents/Developer/Toolchains/XcodeDefault.xctoolchain/usr/bin/clang-stat-cache /Applications/Xcode.app/Contents/Developer/Platforms/iPhoneOS.platform/Developer/SDKs/iPhoneOS26.1.sdk /Users/harrisonfarrell/Library/Developer/Xcode/DerivedData/SDKStatCaches.noindex/iphoneos26.1-23B77-3885c01c3e6b6a337905948deab2002e69b33fc7382b27d9b5d46e82a00f8e78.sdkstatcache
    cd /Users/harrisonfarrell/Desktop/IB/embeddingios/VectorLens.xcodeproj
    /Applications/Xcode.app/Contents/Developer/Toolchains/XcodeDefault.xctoolchain/usr/bin/clang-stat-cache /Applications/Xcode.app/Contents/Developer/Platforms/iPhoneOS.platform/Developer/SDKs/iPhoneOS26.1.sdk -o /Users/harrisonfarrell/Library/Developer/Xcode/DerivedData/SDKStatCaches.noindex/iphoneos26.1-23B77-3885c01c3e6b6a337905948deab2002e69b33fc7382b27d9b5d46e82a00f8e78.sdkstatcache

CreateBuildDirectory /Users/harrisonfarrell/Library/Developer/Xcode/DerivedData/VectorLens-cmecbypnyvqqbwcqspvgkepbizxj/Build/Products/Debug-iphoneos
    cd /Users/harrisonfarrell/Desktop/IB/embeddingios/VectorLens.xcodeproj
    builtin-create-build-directory /Users/harrisonfarrell/Library/Developer/Xcode/DerivedData/VectorLens-cmecbypnyvqqbwcqspvgkepbizxj/Build/Products/Debug-iphoneos

CreateBuildDirectory /Users/harrisonfarrell/Library/Developer/Xcode/DerivedData/VectorLens-cmecbypnyvqqbwcqspvgkepbizxj/Build/Intermediates.noindex/EagerLinkingTBDs/Debug-iphoneos
    cd /Users/harrisonfarrell/Desktop/IB/embeddingios/VectorLens.xcodeproj
    builtin-create-build-directory /Users/harrisonfarrell/Library/Developer/Xcode/DerivedData/VectorLens-cmecbypnyvqqbwcqspvgkepbizxj/Build/Intermediates.noindex/EagerLinkingTBDs/Debug-iphoneos

WriteAuxiliaryFile /Users/harrisonfarrell/Library/Developer/Xcode/DerivedData/VectorLens-cmecbypnyvqqbwcqspvgkepbizxj/Build/Intermediates.noindex/VectorLens.build/Debug-iphoneos/VectorLens-dee2489bab82789a9556d24f1d03c06e-VFS-iphoneos/all-product-headers.yaml
    cd /Users/harrisonfarrell/Desktop/IB/embeddingios/VectorLens.xcodeproj
    write-file /Users/harrisonfarrell/Library/Developer/Xcode/DerivedData/VectorLens-cmecbypnyvqqbwcqspvgkepbizxj/Build/Intermediates.noindex/VectorLens.build/Debug-iphoneos/VectorLens-dee2489bab82789a9556d24f1d03c06e-VFS-iphoneos/all-product-headers.yaml

CreateBuildDirectory /Users/harrisonfarrell/Library/Developer/Xcode/DerivedData/VectorLens-cmecbypnyvqqbwcqspvgkepbizxj/Build/Products/Debug-iphoneos/PackageFrameworks
    cd /Users/harrisonfarrell/Desktop/IB/embeddingios/VectorLens.xcodeproj
    builtin-create-build-directory /Users/harrisonfarrell/Library/Developer/Xcode/DerivedData/VectorLens-cmecbypnyvqqbwcqspvgkepbizxj/Build/Products/Debug-iphoneos/PackageFrameworks

WriteAuxiliaryFile /Users/harrisonfarrell/Library/Developer/Xcode/DerivedData/VectorLens-cmecbypnyvqqbwcqspvgkepbizxj/Build/Intermediates.noindex/VectorLens.build/Debug-iphoneos/VectorLens.build/VectorLens.hmap (in target 'VectorLens' from project 'VectorLens')
    cd /Users/harrisonfarrell/Desktop/IB/embeddingios
    write-file /Users/harrisonfarrell/Library/Developer/Xcode/DerivedData/VectorLens-cmecbypnyvqqbwcqspvgkepbizxj/Build/Intermediates.noindex/VectorLens.build/Debug-iphoneos/VectorLens.build/VectorLens.hmap

WriteAuxiliaryFile /Users/harrisonfarrell/Library/Developer/Xcode/DerivedData/VectorLens-cmecbypnyvqqbwcqspvgkepbizxj/Build/Intermediates.noindex/VectorLens.build/Debug-iphoneos/VectorLens.build/VectorLens.DependencyStaticMetadataFileList (in target 'VectorLens' from project 'VectorLens')
    cd /Users/harrisonfarrell/Desktop/IB/embeddingios
    write-file /Users/harrisonfarrell/Library/Developer/Xcode/DerivedData/VectorLens-cmecbypnyvqqbwcqspvgkepbizxj/Build/Intermediates.noindex/VectorLens.build/Debug-iphoneos/VectorLens.build/VectorLens.DependencyStaticMetadataFileList

WriteAuxiliaryFile /Users/harrisonfarrell/Library/Developer/Xcode/DerivedData/VectorLens-cmecbypnyvqqbwcqspvgkepbizxj/Build/Intermediates.noindex/VectorLens.build/Debug-iphoneos/VectorLens.build/VectorLens-project-headers.hmap (in target 'VectorLens' from project 'VectorLens')
    cd /Users/harrisonfarrell/Desktop/IB/embeddingios
    write-file /Users/harrisonfarrell/Library/Developer/Xcode/DerivedData/VectorLens-cmecbypnyvqqbwcqspvgkepbizxj/Build/Intermediates.noindex/VectorLens.build/Debug-iphoneos/VectorLens.build/VectorLens-project-headers.hmap

WriteAuxiliaryFile /Users/harrisonfarrell/Library/Developer/Xcode/DerivedData/VectorLens-cmecbypnyvqqbwcqspvgkepbizxj/Build/Intermediates.noindex/VectorLens.build/Debug-iphoneos/VectorLens.build/VectorLens.DependencyMetadataFileList (in target 'VectorLens' from project 'VectorLens')
    cd /Users/harrisonfarrell/Desktop/IB/embeddingios
    write-file /Users/harrisonfarrell/Library/Developer/Xcode/DerivedData/VectorLens-cmecbypnyvqqbwcqspvgkepbizxj/Build/Intermediates.noindex/VectorLens.build/Debug-iphoneos/VectorLens.build/VectorLens.DependencyMetadataFileList

WriteAuxiliaryFile /Users/harrisonfarrell/Library/Developer/Xcode/DerivedData/VectorLens-cmecbypnyvqqbwcqspvgkepbizxj/Build/Intermediates.noindex/VectorLens.build/Debug-iphoneos/VectorLens.build/VectorLens-own-target-headers.hmap (in target 'VectorLens' from project 'VectorLens')
    cd /Users/harrisonfarrell/Desktop/IB/embeddingios
    write-file /Users/harrisonfarrell/Library/Developer/Xcode/DerivedData/VectorLens-cmecbypnyvqqbwcqspvgkepbizxj/Build/Intermediates.noindex/VectorLens.build/Debug-iphoneos/VectorLens.build/VectorLens-own-target-headers.hmap

WriteAuxiliaryFile /Users/harrisonfarrell/Library/Developer/Xcode/DerivedData/VectorLens-cmecbypnyvqqbwcqspvgkepbizxj/Build/Intermediates.noindex/VectorLens.build/Debug-iphoneos/VectorLens.build/VectorLens-generated-files.hmap (in target 'VectorLens' from project 'VectorLens')
    cd /Users/harrisonfarrell/Desktop/IB/embeddingios
    write-file /Users/harrisonfarrell/Library/Developer/Xcode/DerivedData/VectorLens-cmecbypnyvqqbwcqspvgkepbizxj/Build/Intermediates.noindex/VectorLens.build/Debug-iphoneos/VectorLens.build/VectorLens-generated-files.hmap

WriteAuxiliaryFile /Users/harrisonfarrell/Library/Developer/Xcode/DerivedData/VectorLens-cmecbypnyvqqbwcqspvgkepbizxj/Build/Intermediates.noindex/VectorLens.build/Debug-iphoneos/VectorLens.build/VectorLens-DebugDylibPath-normal-arm64.txt (in target 'VectorLens' from project 'VectorLens')
    cd /Users/harrisonfarrell/Desktop/IB/embeddingios
    write-file /Users/harrisonfarrell/Library/Developer/Xcode/DerivedData/VectorLens-cmecbypnyvqqbwcqspvgkepbizxj/Build/Intermediates.noindex/VectorLens.build/Debug-iphoneos/VectorLens.build/VectorLens-DebugDylibPath-normal-arm64.txt

WriteAuxiliaryFile /Users/harrisonfarrell/Library/Developer/Xcode/DerivedData/VectorLens-cmecbypnyvqqbwcqspvgkepbizxj/Build/Intermediates.noindex/VectorLens.build/Debug-iphoneos/VectorLens.build/VectorLens-all-non-framework-target-headers.hmap (in target 'VectorLens' from project 'VectorLens')
    cd /Users/harrisonfarrell/Desktop/IB/embeddingios
    write-file /Users/harrisonfarrell/Library/Developer/Xcode/DerivedData/VectorLens-cmecbypnyvqqbwcqspvgkepbizxj/Build/Intermediates.noindex/VectorLens.build/Debug-iphoneos/VectorLens.build/VectorLens-all-non-framework-target-headers.hmap

WriteAuxiliaryFile /Users/harrisonfarrell/Library/Developer/Xcode/DerivedData/VectorLens-cmecbypnyvqqbwcqspvgkepbizxj/Build/Intermediates.noindex/VectorLens.build/Debug-iphoneos/VectorLens.build/VectorLens-all-target-headers.hmap (in target 'VectorLens' from project 'VectorLens')
    cd /Users/harrisonfarrell/Desktop/IB/embeddingios
    write-file /Users/harrisonfarrell/Library/Developer/Xcode/DerivedData/VectorLens-cmecbypnyvqqbwcqspvgkepbizxj/Build/Intermediates.noindex/VectorLens.build/Debug-iphoneos/VectorLens.build/VectorLens-all-target-headers.hmap

WriteAuxiliaryFile /Users/harrisonfarrell/Library/Developer/Xcode/DerivedData/VectorLens-cmecbypnyvqqbwcqspvgkepbizxj/Build/Intermediates.noindex/VectorLens.build/Debug-iphoneos/VectorLens.build/VectorLens-DebugDylibInstallName-normal-arm64.txt (in target 'VectorLens' from project 'VectorLens')
    cd /Users/harrisonfarrell/Desktop/IB/embeddingios
    write-file /Users/harrisonfarrell/Library/Developer/Xcode/DerivedData/VectorLens-cmecbypnyvqqbwcqspvgkepbizxj/Build/Intermediates.noindex/VectorLens.build/Debug-iphoneos/VectorLens.build/VectorLens-DebugDylibInstallName-normal-arm64.txt

WriteAuxiliaryFile /Users/harrisonfarrell/Library/Developer/Xcode/DerivedData/VectorLens-cmecbypnyvqqbwcqspvgkepbizxj/Build/Intermediates.noindex/VectorLens.build/Debug-iphoneos/VectorLens.build/Objects-normal/arm64/VectorLens_const_extract_protocols.json (in target 'VectorLens' from project 'VectorLens')
    cd /Users/harrisonfarrell/Desktop/IB/embeddingios
    write-file /Users/harrisonfarrell/Library/Developer/Xcode/DerivedData/VectorLens-cmecbypnyvqqbwcqspvgkepbizxj/Build/Intermediates.noindex/VectorLens.build/Debug-iphoneos/VectorLens.build/Objects-normal/arm64/VectorLens_const_extract_protocols.json

WriteAuxiliaryFile /Users/harrisonfarrell/Library/Developer/Xcode/DerivedData/VectorLens-cmecbypnyvqqbwcqspvgkepbizxj/Build/Intermediates.noindex/VectorLens.build/Debug-iphoneos/VectorLens.build/Objects-normal/arm64/VectorLens.SwiftFileList (in target 'VectorLens' from project 'VectorLens')
    cd /Users/harrisonfarrell/Desktop/IB/embeddingios
    write-file /Users/harrisonfarrell/Library/Developer/Xcode/DerivedData/VectorLens-cmecbypnyvqqbwcqspvgkepbizxj/Build/Intermediates.noindex/VectorLens.build/Debug-iphoneos/VectorLens.build/Objects-normal/arm64/VectorLens.SwiftFileList

WriteAuxiliaryFile /Users/harrisonfarrell/Library/Developer/Xcode/DerivedData/VectorLens-cmecbypnyvqqbwcqspvgkepbizxj/Build/Intermediates.noindex/VectorLens.build/Debug-iphoneos/VectorLens.build/Objects-normal/arm64/VectorLens.SwiftConstValuesFileList (in target 'VectorLens' from project 'VectorLens')
    cd /Users/harrisonfarrell/Desktop/IB/embeddingios
    write-file /Users/harrisonfarrell/Library/Developer/Xcode/DerivedData/VectorLens-cmecbypnyvqqbwcqspvgkepbizxj/Build/Intermediates.noindex/VectorLens.build/Debug-iphoneos/VectorLens.build/Objects-normal/arm64/VectorLens.SwiftConstValuesFileList

WriteAuxiliaryFile /Users/harrisonfarrell/Library/Developer/Xcode/DerivedData/VectorLens-cmecbypnyvqqbwcqspvgkepbizxj/Build/Intermediates.noindex/VectorLens.build/Debug-iphoneos/VectorLens.build/Objects-normal/arm64/VectorLens-OutputFileMap.json (in target 'VectorLens' from project 'VectorLens')
    cd /Users/harrisonfarrell/Desktop/IB/embeddingios
    write-file /Users/harrisonfarrell/Library/Developer/Xcode/DerivedData/VectorLens-cmecbypnyvqqbwcqspvgkepbizxj/Build/Intermediates.noindex/VectorLens.build/Debug-iphoneos/VectorLens.build/Objects-normal/arm64/VectorLens-OutputFileMap.json

WriteAuxiliaryFile /Users/harrisonfarrell/Library/Developer/Xcode/DerivedData/VectorLens-cmecbypnyvqqbwcqspvgkepbizxj/Build/Intermediates.noindex/VectorLens.build/Debug-iphoneos/VectorLens.build/Objects-normal/arm64/VectorLens.LinkFileList (in target 'VectorLens' from project 'VectorLens')
    cd /Users/harrisonfarrell/Desktop/IB/embeddingios
    write-file /Users/harrisonfarrell/Library/Developer/Xcode/DerivedData/VectorLens-cmecbypnyvqqbwcqspvgkepbizxj/Build/Intermediates.noindex/VectorLens.build/Debug-iphoneos/VectorLens.build/Objects-normal/arm64/VectorLens.LinkFileList

WriteAuxiliaryFile /Users/harrisonfarrell/Library/Developer/Xcode/DerivedData/VectorLens-cmecbypnyvqqbwcqspvgkepbizxj/Build/Intermediates.noindex/SlipStream.build/Debug-iphoneos/SlipStream_CSlipStream.build/SlipStream_CSlipStream.DependencyStaticMetadataFileList (in target 'SlipStream_CSlipStream' from project 'SlipStream')
    cd /Users/harrisonfarrell/Desktop/IB/embeddingios/SlipStream
    write-file /Users/harrisonfarrell/Library/Developer/Xcode/DerivedData/VectorLens-cmecbypnyvqqbwcqspvgkepbizxj/Build/Intermediates.noindex/SlipStream.build/Debug-iphoneos/SlipStream_CSlipStream.build/SlipStream_CSlipStream.DependencyStaticMetadataFileList

WriteAuxiliaryFile /Users/harrisonfarrell/Library/Developer/Xcode/DerivedData/VectorLens-cmecbypnyvqqbwcqspvgkepbizxj/Build/Intermediates.noindex/SlipStream.build/Debug-iphoneos/SlipStream_CSlipStream.build/SlipStream_CSlipStream.DependencyMetadataFileList (in target 'SlipStream_CSlipStream' from project 'SlipStream')
    cd /Users/harrisonfarrell/Desktop/IB/embeddingios/SlipStream
    write-file /Users/harrisonfarrell/Library/Developer/Xcode/DerivedData/VectorLens-cmecbypnyvqqbwcqspvgkepbizxj/Build/Intermediates.noindex/SlipStream.build/Debug-iphoneos/SlipStream_CSlipStream.build/SlipStream_CSlipStream.DependencyMetadataFileList

WriteAuxiliaryFile /Users/harrisonfarrell/Library/Developer/Xcode/DerivedData/VectorLens-cmecbypnyvqqbwcqspvgkepbizxj/Build/Intermediates.noindex/SlipStream.build/Debug-iphoneos/SlipStream_CSlipStream.build/empty-SlipStream_CSlipStream.plist (in target 'SlipStream_CSlipStream' from project 'SlipStream')
    cd /Users/harrisonfarrell/Desktop/IB/embeddingios/SlipStream
    write-file /Users/harrisonfarrell/Library/Developer/Xcode/DerivedData/VectorLens-cmecbypnyvqqbwcqspvgkepbizxj/Build/Intermediates.noindex/SlipStream.build/Debug-iphoneos/SlipStream_CSlipStream.build/empty-SlipStream_CSlipStream.plist

WriteAuxiliaryFile /Users/harrisonfarrell/Library/Developer/Xcode/DerivedData/VectorLens-cmecbypnyvqqbwcqspvgkepbizxj/Build/Intermediates.noindex/SlipStream.build/Debug-iphoneos/SlipStream.build/SlipStream.modulemap (in target 'SlipStream' from project 'SlipStream')
    cd /Users/harrisonfarrell/Desktop/IB/embeddingios/SlipStream
    write-file /Users/harrisonfarrell/Library/Developer/Xcode/DerivedData/VectorLens-cmecbypnyvqqbwcqspvgkepbizxj/Build/Intermediates.noindex/SlipStream.build/Debug-iphoneos/SlipStream.build/SlipStream.modulemap

WriteAuxiliaryFile /Users/harrisonfarrell/Library/Developer/Xcode/DerivedData/VectorLens-cmecbypnyvqqbwcqspvgkepbizxj/Build/Intermediates.noindex/SlipStream.build/Debug-iphoneos/SlipStream.build/SlipStream.DependencyStaticMetadataFileList (in target 'SlipStream' from project 'SlipStream')
    cd /Users/harrisonfarrell/Desktop/IB/embeddingios/SlipStream
    write-file /Users/harrisonfarrell/Library/Developer/Xcode/DerivedData/VectorLens-cmecbypnyvqqbwcqspvgkepbizxj/Build/Intermediates.noindex/SlipStream.build/Debug-iphoneos/SlipStream.build/SlipStream.DependencyStaticMetadataFileList

WriteAuxiliaryFile /Users/harrisonfarrell/Library/Developer/Xcode/DerivedData/VectorLens-cmecbypnyvqqbwcqspvgkepbizxj/Build/Intermediates.noindex/SlipStream.build/Debug-iphoneos/SlipStream.build/SlipStream.DependencyMetadataFileList (in target 'SlipStream' from project 'SlipStream')
    cd /Users/harrisonfarrell/Desktop/IB/embeddingios/SlipStream
    write-file /Users/harrisonfarrell/Library/Developer/Xcode/DerivedData/VectorLens-cmecbypnyvqqbwcqspvgkepbizxj/Build/Intermediates.noindex/SlipStream.build/Debug-iphoneos/SlipStream.build/SlipStream.DependencyMetadataFileList

WriteAuxiliaryFile /Users/harrisonfarrell/Library/Developer/Xcode/DerivedData/VectorLens-cmecbypnyvqqbwcqspvgkepbizxj/Build/Intermediates.noindex/SlipStream.build/Debug-iphoneos/SlipStream.build/Objects-normal/arm64/SlipStream.SwiftConstValuesFileList (in target 'SlipStream' from project 'SlipStream')
    cd /Users/harrisonfarrell/Desktop/IB/embeddingios/SlipStream
    write-file /Users/harrisonfarrell/Library/Developer/Xcode/DerivedData/VectorLens-cmecbypnyvqqbwcqspvgkepbizxj/Build/Intermediates.noindex/SlipStream.build/Debug-iphoneos/SlipStream.build/Objects-normal/arm64/SlipStream.SwiftConstValuesFileList

WriteAuxiliaryFile /Users/harrisonfarrell/Library/Developer/Xcode/DerivedData/VectorLens-cmecbypnyvqqbwcqspvgkepbizxj/Build/Intermediates.noindex/SlipStream.build/Debug-iphoneos/SlipStream.build/Objects-normal/arm64/SlipStream.SwiftFileList (in target 'SlipStream' from project 'SlipStream')
    cd /Users/harrisonfarrell/Desktop/IB/embeddingios/SlipStream
    write-file /Users/harrisonfarrell/Library/Developer/Xcode/DerivedData/VectorLens-cmecbypnyvqqbwcqspvgkepbizxj/Build/Intermediates.noindex/SlipStream.build/Debug-iphoneos/SlipStream.build/Objects-normal/arm64/SlipStream.SwiftFileList

WriteAuxiliaryFile /Users/harrisonfarrell/Library/Developer/Xcode/DerivedData/VectorLens-cmecbypnyvqqbwcqspvgkepbizxj/Build/Intermediates.noindex/SlipStream.build/Debug-iphoneos/SlipStream.build/Objects-normal/arm64/SlipStream.LinkFileList (in target 'SlipStream' from project 'SlipStream')
    cd /Users/harrisonfarrell/Desktop/IB/embeddingios/SlipStream
    write-file /Users/harrisonfarrell/Library/Developer/Xcode/DerivedData/VectorLens-cmecbypnyvqqbwcqspvgkepbizxj/Build/Intermediates.noindex/SlipStream.build/Debug-iphoneos/SlipStream.build/Objects-normal/arm64/SlipStream.LinkFileList

WriteAuxiliaryFile /Users/harrisonfarrell/Library/Developer/Xcode/DerivedData/VectorLens-cmecbypnyvqqbwcqspvgkepbizxj/Build/Intermediates.noindex/SlipStream.build/Debug-iphoneos/SlipStream.build/Objects-normal/arm64/SlipStream_const_extract_protocols.json (in target 'SlipStream' from project 'SlipStream')
    cd /Users/harrisonfarrell/Desktop/IB/embeddingios/SlipStream
    write-file /Users/harrisonfarrell/Library/Developer/Xcode/DerivedData/VectorLens-cmecbypnyvqqbwcqspvgkepbizxj/Build/Intermediates.noindex/SlipStream.build/Debug-iphoneos/SlipStream.build/Objects-normal/arm64/SlipStream_const_extract_protocols.json

WriteAuxiliaryFile /Users/harrisonfarrell/Library/Developer/Xcode/DerivedData/VectorLens-cmecbypnyvqqbwcqspvgkepbizxj/Build/Intermediates.noindex/SlipStream.build/Debug-iphoneos/SlipStream.build/Objects-normal/arm64/SlipStream-OutputFileMap.json (in target 'SlipStream' from project 'SlipStream')
    cd /Users/harrisonfarrell/Desktop/IB/embeddingios/SlipStream
    write-file /Users/harrisonfarrell/Library/Developer/Xcode/DerivedData/VectorLens-cmecbypnyvqqbwcqspvgkepbizxj/Build/Intermediates.noindex/SlipStream.build/Debug-iphoneos/SlipStream.build/Objects-normal/arm64/SlipStream-OutputFileMap.json

WriteAuxiliaryFile /Users/harrisonfarrell/Library/Developer/Xcode/DerivedData/VectorLens-cmecbypnyvqqbwcqspvgkepbizxj/Build/Intermediates.noindex/SlipStream.build/Debug-iphoneos/CSlipStream.build/Objects-normal/arm64/e6072d4f65d7061329687fe24e3d63a7-common-args.resp (in target 'CSlipStream' from project 'SlipStream')
    cd /Users/harrisonfarrell/Desktop/IB/embeddingios/SlipStream
    write-file /Users/harrisonfarrell/Library/Developer/Xcode/DerivedData/VectorLens-cmecbypnyvqqbwcqspvgkepbizxj/Build/Intermediates.noindex/SlipStream.build/Debug-iphoneos/CSlipStream.build/Objects-normal/arm64/e6072d4f65d7061329687fe24e3d63a7-common-args.resp
-target arm64-apple-ios15.0 -fobjc-arc -fmodules -gmodules '-fmodules-cache-path=/Users/harrisonfarrell/Library/Developer/Xcode/DerivedData/ModuleCache.noindex' '-fmodule-name=CSlipStream' -fpascal-strings -O0 -DSWIFT_PACKAGE '-DDEBUG=1' -DSS_HAS_METAL -DSS_HAS_NEON -DSS_HAS_METAL -DSS_HAS_NEON '-DOBJC_OLD_DISPATCH_PROTOTYPES=1' -isysroot /Applications/Xcode.app/Contents/Developer/Platforms/iPhoneOS.platform/Developer/SDKs/iPhoneOS26.1.sdk -g -I/Users/harrisonfarrell/Library/Developer/Xcode/DerivedData/VectorLens-cmecbypnyvqqbwcqspvgkepbizxj/Build/Products/Debug-iphoneos/include -I/Users/harrisonfarrell/Desktop/IB/embeddingios/SlipStream/include -I/Users/harrisonfarrell/Desktop/IB/embeddingios/SlipStream/src -I/Users/harrisonfarrell/Desktop/IB/embeddingios/SlipStream/src -I/Users/harrisonfarrell/Library/Developer/Xcode/DerivedData/VectorLens-cmecbypnyvqqbwcqspvgkepbizxj/Build/Intermediates.noindex/SlipStream.build/Debug-iphoneos/CSlipStream.build/DerivedSources-normal/arm64 -I/Users/harrisonfarrell/Library/Developer/Xcode/DerivedData/VectorLens-cmecbypnyvqqbwcqspvgkepbizxj/Build/Intermediates.noindex/SlipStream.build/Debug-iphoneos/CSlipStream.build/DerivedSources/arm64 -I/Users/harrisonfarrell/Library/Developer/Xcode/DerivedData/VectorLens-cmecbypnyvqqbwcqspvgkepbizxj/Build/Intermediates.noindex/SlipStream.build/Debug-iphoneos/CSlipStream.build/DerivedSources -F/Users/harrisonfarrell/Library/Developer/Xcode/DerivedData/VectorLens-cmecbypnyvqqbwcqspvgkepbizxj/Build/Products/Debug-iphoneos -iframework /Applications/Xcode.app/Contents/Developer/Platforms/iPhoneOS.platform/Developer/Library/Frameworks -iframework /Applications/Xcode.app/Contents/Developer/Platforms/iPhoneOS.platform/Developer/SDKs/iPhoneOS26.1.sdk/Developer/Library/Frameworks -DXcode

WriteAuxiliaryFile /Users/harrisonfarrell/Library/Developer/Xcode/DerivedData/VectorLens-cmecbypnyvqqbwcqspvgkepbizxj/Build/Intermediates.noindex/SlipStream.build/Debug-iphoneos/CSlipStream.build/Objects-normal/arm64/CSlipStream.LinkFileList (in target 'CSlipStream' from project 'SlipStream')
    cd /Users/harrisonfarrell/Desktop/IB/embeddingios/SlipStream
    write-file /Users/harrisonfarrell/Library/Developer/Xcode/DerivedData/VectorLens-cmecbypnyvqqbwcqspvgkepbizxj/Build/Intermediates.noindex/SlipStream.build/Debug-iphoneos/CSlipStream.build/Objects-normal/arm64/CSlipStream.LinkFileList

WriteAuxiliaryFile /Users/harrisonfarrell/Library/Developer/Xcode/DerivedData/VectorLens-cmecbypnyvqqbwcqspvgkepbizxj/Build/Intermediates.noindex/SlipStream.build/Debug-iphoneos/CSlipStream.build/Objects-normal/arm64/82b82416624d2658e5098eb0a28c15c5-common-args.resp (in target 'CSlipStream' from project 'SlipStream')
    cd /Users/harrisonfarrell/Desktop/IB/embeddingios/SlipStream
    write-file /Users/harrisonfarrell/Library/Developer/Xcode/DerivedData/VectorLens-cmecbypnyvqqbwcqspvgkepbizxj/Build/Intermediates.noindex/SlipStream.build/Debug-iphoneos/CSlipStream.build/Objects-normal/arm64/82b82416624d2658e5098eb0a28c15c5-common-args.resp
-target arm64-apple-ios15.0 '-std=c++17' -fmodules -fno-cxx-modules -gmodules '-fmodules-cache-path=/Users/harrisonfarrell/Library/Developer/Xcode/DerivedData/ModuleCache.noindex' '-fmodule-name=CSlipStream' '-D_LIBCPP_HARDENING_MODE=_LIBCPP_HARDENING_MODE_DEBUG' -fpascal-strings -O0 -DSWIFT_PACKAGE '-DDEBUG=1' -DSS_HAS_METAL -DSS_HAS_NEON -DSS_HAS_METAL -DSS_HAS_NEON -isysroot /Applications/Xcode.app/Contents/Developer/Platforms/iPhoneOS.platform/Developer/SDKs/iPhoneOS26.1.sdk -g -fvisibility-inlines-hidden -I/Users/harrisonfarrell/Library/Developer/Xcode/DerivedData/VectorLens-cmecbypnyvqqbwcqspvgkepbizxj/Build/Products/Debug-iphoneos/include -I/Users/harrisonfarrell/Desktop/IB/embeddingios/SlipStream/include -I/Users/harrisonfarrell/Desktop/IB/embeddingios/SlipStream/src -I/Users/harrisonfarrell/Desktop/IB/embeddingios/SlipStream/src -I/Users/harrisonfarrell/Library/Developer/Xcode/DerivedData/VectorLens-cmecbypnyvqqbwcqspvgkepbizxj/Build/Intermediates.noindex/SlipStream.build/Debug-iphoneos/CSlipStream.build/DerivedSources-normal/arm64 -I/Users/harrisonfarrell/Library/Developer/Xcode/DerivedData/VectorLens-cmecbypnyvqqbwcqspvgkepbizxj/Build/Intermediates.noindex/SlipStream.build/Debug-iphoneos/CSlipStream.build/DerivedSources/arm64 -I/Users/harrisonfarrell/Library/Developer/Xcode/DerivedData/VectorLens-cmecbypnyvqqbwcqspvgkepbizxj/Build/Intermediates.noindex/SlipStream.build/Debug-iphoneos/CSlipStream.build/DerivedSources -F/Users/harrisonfarrell/Library/Developer/Xcode/DerivedData/VectorLens-cmecbypnyvqqbwcqspvgkepbizxj/Build/Products/Debug-iphoneos -iframework /Applications/Xcode.app/Contents/Developer/Platforms/iPhoneOS.platform/Developer/Library/Frameworks -iframework /Applications/Xcode.app/Contents/Developer/Platforms/iPhoneOS.platform/Developer/SDKs/iPhoneOS26.1.sdk/Developer/Library/Frameworks -DXcode

Copy /Users/harrisonfarrell/Library/Developer/Xcode/DerivedData/VectorLens-cmecbypnyvqqbwcqspvgkepbizxj/Build/Intermediates.noindex/GeneratedModuleMaps-iphoneos/SlipStream.modulemap /Users/harrisonfarrell/Library/Developer/Xcode/DerivedData/VectorLens-cmecbypnyvqqbwcqspvgkepbizxj/Build/Intermediates.noindex/SlipStream.build/Debug-iphoneos/SlipStream.build/SlipStream.modulemap (in target 'SlipStream' from project 'SlipStream')
    cd /Users/harrisonfarrell/Desktop/IB/embeddingios/SlipStream
    builtin-copy -exclude .DS_Store -exclude CVS -exclude .svn -exclude .git -exclude .hg -resolve-src-symlinks /Users/harrisonfarrell/Library/Developer/Xcode/DerivedData/VectorLens-cmecbypnyvqqbwcqspvgkepbizxj/Build/Intermediates.noindex/SlipStream.build/Debug-iphoneos/SlipStream.build/SlipStream.modulemap /Users/harrisonfarrell/Library/Developer/Xcode/DerivedData/VectorLens-cmecbypnyvqqbwcqspvgkepbizxj/Build/Intermediates.noindex/GeneratedModuleMaps-iphoneos

WriteAuxiliaryFile /Users/harrisonfarrell/Library/Developer/Xcode/DerivedData/VectorLens-cmecbypnyvqqbwcqspvgkepbizxj/Build/Intermediates.noindex/SlipStream.build/Debug-iphoneos/CSlipStream.build/Objects-normal/arm64/7187679823f38a2a940e0043cdf9d637-common-args.resp (in target 'CSlipStream' from project 'SlipStream')
    cd /Users/harrisonfarrell/Desktop/IB/embeddingios/SlipStream
    write-file /Users/harrisonfarrell/Library/Developer/Xcode/DerivedData/VectorLens-cmecbypnyvqqbwcqspvgkepbizxj/Build/Intermediates.noindex/SlipStream.build/Debug-iphoneos/CSlipStream.build/Objects-normal/arm64/7187679823f38a2a940e0043cdf9d637-common-args.resp
-target arm64-apple-ios15.0 -fmodules -gmodules '-fmodules-cache-path=/Users/harrisonfarrell/Library/Developer/Xcode/DerivedData/ModuleCache.noindex' '-fmodule-name=CSlipStream' -fpascal-strings -O0 -DSWIFT_PACKAGE '-DDEBUG=1' -DSS_HAS_METAL -DSS_HAS_NEON -DSS_HAS_METAL -DSS_HAS_NEON -isysroot /Applications/Xcode.app/Contents/Developer/Platforms/iPhoneOS.platform/Developer/SDKs/iPhoneOS26.1.sdk -g -I/Users/harrisonfarrell/Library/Developer/Xcode/DerivedData/VectorLens-cmecbypnyvqqbwcqspvgkepbizxj/Build/Products/Debug-iphoneos/include -I/Users/harrisonfarrell/Desktop/IB/embeddingios/SlipStream/include -I/Users/harrisonfarrell/Desktop/IB/embeddingios/SlipStream/src -I/Users/harrisonfarrell/Desktop/IB/embeddingios/SlipStream/src -I/Users/harrisonfarrell/Library/Developer/Xcode/DerivedData/VectorLens-cmecbypnyvqqbwcqspvgkepbizxj/Build/Intermediates.noindex/SlipStream.build/Debug-iphoneos/CSlipStream.build/DerivedSources-normal/arm64 -I/Users/harrisonfarrell/Library/Developer/Xcode/DerivedData/VectorLens-cmecbypnyvqqbwcqspvgkepbizxj/Build/Intermediates.noindex/SlipStream.build/Debug-iphoneos/CSlipStream.build/DerivedSources/arm64 -I/Users/harrisonfarrell/Library/Developer/Xcode/DerivedData/VectorLens-cmecbypnyvqqbwcqspvgkepbizxj/Build/Intermediates.noindex/SlipStream.build/Debug-iphoneos/CSlipStream.build/DerivedSources -F/Users/harrisonfarrell/Library/Developer/Xcode/DerivedData/VectorLens-cmecbypnyvqqbwcqspvgkepbizxj/Build/Products/Debug-iphoneos -iframework /Applications/Xcode.app/Contents/Developer/Platforms/iPhoneOS.platform/Developer/Library/Frameworks -iframework /Applications/Xcode.app/Contents/Developer/Platforms/iPhoneOS.platform/Developer/SDKs/iPhoneOS26.1.sdk/Developer/Library/Frameworks -DXcode

WriteAuxiliaryFile /Users/harrisonfarrell/Library/Developer/Xcode/DerivedData/VectorLens-cmecbypnyvqqbwcqspvgkepbizxj/Build/Intermediates.noindex/SlipStream.build/Debug-iphoneos/CSlipStream.build/DerivedSources/resource_bundle_accessor.m (in target 'CSlipStream' from project 'SlipStream')
    cd /Users/harrisonfarrell/Desktop/IB/embeddingios/SlipStream
    write-file /Users/harrisonfarrell/Library/Developer/Xcode/DerivedData/VectorLens-cmecbypnyvqqbwcqspvgkepbizxj/Build/Intermediates.noindex/SlipStream.build/Debug-iphoneos/CSlipStream.build/DerivedSources/resource_bundle_accessor.m

WriteAuxiliaryFile /Users/harrisonfarrell/Library/Developer/Xcode/DerivedData/VectorLens-cmecbypnyvqqbwcqspvgkepbizxj/Build/Intermediates.noindex/SlipStream.build/Debug-iphoneos/CSlipStream.build/DerivedSources/resource_bundle_accessor.h (in target 'CSlipStream' from project 'SlipStream')
    cd /Users/harrisonfarrell/Desktop/IB/embeddingios/SlipStream
    write-file /Users/harrisonfarrell/Library/Developer/Xcode/DerivedData/VectorLens-cmecbypnyvqqbwcqspvgkepbizxj/Build/Intermediates.noindex/SlipStream.build/Debug-iphoneos/CSlipStream.build/DerivedSources/resource_bundle_accessor.h

WriteAuxiliaryFile /Users/harrisonfarrell/Library/Developer/Xcode/DerivedData/VectorLens-cmecbypnyvqqbwcqspvgkepbizxj/Build/Intermediates.noindex/SlipStream.build/Debug-iphoneos/CSlipStream.build/CSlipStream.modulemap (in target 'CSlipStream' from project 'SlipStream')
    cd /Users/harrisonfarrell/Desktop/IB/embeddingios/SlipStream
    write-file /Users/harrisonfarrell/Library/Developer/Xcode/DerivedData/VectorLens-cmecbypnyvqqbwcqspvgkepbizxj/Build/Intermediates.noindex/SlipStream.build/Debug-iphoneos/CSlipStream.build/CSlipStream.modulemap

WriteAuxiliaryFile /Users/harrisonfarrell/Library/Developer/Xcode/DerivedData/VectorLens-cmecbypnyvqqbwcqspvgkepbizxj/Build/Intermediates.noindex/SlipStream.build/Debug-iphoneos/CSlipStream.build/CSlipStream.DependencyStaticMetadataFileList (in target 'CSlipStream' from project 'SlipStream')
    cd /Users/harrisonfarrell/Desktop/IB/embeddingios/SlipStream
    write-file /Users/harrisonfarrell/Library/Developer/Xcode/DerivedData/VectorLens-cmecbypnyvqqbwcqspvgkepbizxj/Build/Intermediates.noindex/SlipStream.build/Debug-iphoneos/CSlipStream.build/CSlipStream.DependencyStaticMetadataFileList

WriteAuxiliaryFile /Users/harrisonfarrell/Library/Developer/Xcode/DerivedData/VectorLens-cmecbypnyvqqbwcqspvgkepbizxj/Build/Intermediates.noindex/SlipStream.build/Debug-iphoneos/CSlipStream.build/CSlipStream.DependencyMetadataFileList (in target 'CSlipStream' from project 'SlipStream')
    cd /Users/harrisonfarrell/Desktop/IB/embeddingios/SlipStream
    write-file /Users/harrisonfarrell/Library/Developer/Xcode/DerivedData/VectorLens-cmecbypnyvqqbwcqspvgkepbizxj/Build/Intermediates.noindex/SlipStream.build/Debug-iphoneos/CSlipStream.build/CSlipStream.DependencyMetadataFileList

MkDir /Users/harrisonfarrell/Library/Developer/Xcode/DerivedData/VectorLens-cmecbypnyvqqbwcqspvgkepbizxj/Build/Products/Debug-iphoneos/VectorLens.app (in target 'VectorLens' from project 'VectorLens')
    cd /Users/harrisonfarrell/Desktop/IB/embeddingios
    /bin/mkdir -p /Users/harrisonfarrell/Library/Developer/Xcode/DerivedData/VectorLens-cmecbypnyvqqbwcqspvgkepbizxj/Build/Products/Debug-iphoneos/VectorLens.app

MkDir /Users/harrisonfarrell/Library/Developer/Xcode/DerivedData/VectorLens-cmecbypnyvqqbwcqspvgkepbizxj/Build/Products/Debug-iphoneos/SlipStream_CSlipStream.bundle (in target 'SlipStream_CSlipStream' from project 'SlipStream')
    cd /Users/harrisonfarrell/Desktop/IB/embeddingios/SlipStream
    /bin/mkdir -p /Users/harrisonfarrell/Library/Developer/Xcode/DerivedData/VectorLens-cmecbypnyvqqbwcqspvgkepbizxj/Build/Products/Debug-iphoneos/SlipStream_CSlipStream.bundle

Copy /Users/harrisonfarrell/Library/Developer/Xcode/DerivedData/VectorLens-cmecbypnyvqqbwcqspvgkepbizxj/Build/Intermediates.noindex/GeneratedModuleMaps-iphoneos/CSlipStream.modulemap /Users/harrisonfarrell/Library/Developer/Xcode/DerivedData/VectorLens-cmecbypnyvqqbwcqspvgkepbizxj/Build/Intermediates.noindex/SlipStream.build/Debug-iphoneos/CSlipStream.build/CSlipStream.modulemap (in target 'CSlipStream' from project 'SlipStream')
    cd /Users/harrisonfarrell/Desktop/IB/embeddingios/SlipStream
    builtin-copy -exclude .DS_Store -exclude CVS -exclude .svn -exclude .git -exclude .hg -resolve-src-symlinks /Users/harrisonfarrell/Library/Developer/Xcode/DerivedData/VectorLens-cmecbypnyvqqbwcqspvgkepbizxj/Build/Intermediates.noindex/SlipStream.build/Debug-iphoneos/CSlipStream.build/CSlipStream.modulemap /Users/harrisonfarrell/Library/Developer/Xcode/DerivedData/VectorLens-cmecbypnyvqqbwcqspvgkepbizxj/Build/Intermediates.noindex/GeneratedModuleMaps-iphoneos

MkDir /Users/harrisonfarrell/Library/Developer/Xcode/DerivedData/VectorLens-cmecbypnyvqqbwcqspvgkepbizxj/Build/Intermediates.noindex/SlipStream.build/Debug-iphoneos/SlipStream_CSlipStream.build/assetcatalog_output/thinned (in target 'SlipStream_CSlipStream' from project 'SlipStream')
    cd /Users/harrisonfarrell/Desktop/IB/embeddingios/SlipStream
    /bin/mkdir -p /Users/harrisonfarrell/Library/Developer/Xcode/DerivedData/VectorLens-cmecbypnyvqqbwcqspvgkepbizxj/Build/Intermediates.noindex/SlipStream.build/Debug-iphoneos/SlipStream_CSlipStream.build/assetcatalog_output/thinned

GenerateAssetSymbols /Users/harrisonfarrell/Desktop/IB/embeddingios/SlipStream/SlipStream/SlipStream/Assets.xcassets (in target 'SlipStream_CSlipStream' from project 'SlipStream')
    cd /Users/harrisonfarrell/Desktop/IB/embeddingios/SlipStream
    /Applications/Xcode.app/Contents/Developer/usr/bin/actool /Users/harrisonfarrell/Desktop/IB/embeddingios/SlipStream/SlipStream/SlipStream/Assets.xcassets --compile /Users/harrisonfarrell/Library/Developer/Xcode/DerivedData/VectorLens-cmecbypnyvqqbwcqspvgkepbizxj/Build/Products/Debug-iphoneos/SlipStream_CSlipStream.bundle --output-format human-readable-text --notices --warnings --export-dependency-info /Users/harrisonfarrell/Library/Developer/Xcode/DerivedData/VectorLens-cmecbypnyvqqbwcqspvgkepbizxj/Build/Intermediates.noindex/SlipStream.build/Debug-iphoneos/SlipStream_CSlipStream.build/assetcatalog_dependencies --output-partial-info-plist /Users/harrisonfarrell/Library/Developer/Xcode/DerivedData/VectorLens-cmecbypnyvqqbwcqspvgkepbizxj/Build/Intermediates.noindex/SlipStream.build/Debug-iphoneos/SlipStream_CSlipStream.build/assetcatalog_generated_info.plist --compress-pngs --enable-on-demand-resources NO --development-region en --target-device iphone --target-device ipad --minimum-deployment-target 15.0 --platform iphoneos --bundle-identifier slipstream.CSlipStream.resources --generate-objc-asset-symbols /Users/harrisonfarrell/Library/Developer/Xcode/DerivedData/VectorLens-cmecbypnyvqqbwcqspvgkepbizxj/Build/Intermediates.noindex/SlipStream.build/Debug-iphoneos/SlipStream_CSlipStream.build/DerivedSources/GeneratedAssetSymbols.h --generate-asset-symbol-index /Users/harrisonfarrell/Library/Developer/Xcode/DerivedData/VectorLens-cmecbypnyvqqbwcqspvgkepbizxj/Build/Intermediates.noindex/SlipStream.build/Debug-iphoneos/SlipStream_CSlipStream.build/DerivedSources/GeneratedAssetSymbols-Index.plist
/* com.apple.actool.compilation-results */
/Users/harrisonfarrell/Library/Developer/Xcode/DerivedData/VectorLens-cmecbypnyvqqbwcqspvgkepbizxj/Build/Intermediates.noindex/SlipStream.build/Debug-iphoneos/SlipStream_CSlipStream.build/DerivedSources/GeneratedAssetSymbols-Index.plist
/Users/harrisonfarrell/Library/Developer/Xcode/DerivedData/VectorLens-cmecbypnyvqqbwcqspvgkepbizxj/Build/Intermediates.noindex/SlipStream.build/Debug-iphoneos/SlipStream_CSlipStream.build/DerivedSources/GeneratedAssetSymbols.h


MkDir /Users/harrisonfarrell/Library/Developer/Xcode/DerivedData/VectorLens-cmecbypnyvqqbwcqspvgkepbizxj/Build/Intermediates.noindex/SlipStream.build/Debug-iphoneos/SlipStream_CSlipStream.build/assetcatalog_output/unthinned (in target 'SlipStream_CSlipStream' from project 'SlipStream')
    cd /Users/harrisonfarrell/Desktop/IB/embeddingios/SlipStream
    /bin/mkdir -p /Users/harrisonfarrell/Library/Developer/Xcode/DerivedData/VectorLens-cmecbypnyvqqbwcqspvgkepbizxj/Build/Intermediates.noindex/SlipStream.build/Debug-iphoneos/SlipStream_CSlipStream.build/assetcatalog_output/unthinned

CompileStoryboard /Users/harrisonfarrell/Desktop/IB/embeddingios/SlipStream/SlipStream/SlipStream/Base.lproj/LaunchScreen.storyboard (in target 'SlipStream_CSlipStream' from project 'SlipStream')
    cd /Users/harrisonfarrell/Desktop/IB/embeddingios/SlipStream
    /Applications/Xcode.app/Contents/Developer/usr/bin/ibtool --errors --warnings --notices --module SlipStream_CSlipStream --output-partial-info-plist /Users/harrisonfarrell/Library/Developer/Xcode/DerivedData/VectorLens-cmecbypnyvqqbwcqspvgkepbizxj/Build/Intermediates.noindex/SlipStream.build/Debug-iphoneos/SlipStream_CSlipStream.build/Base.lproj/LaunchScreen-SBPartialInfo.plist --auto-activate-custom-fonts --target-device iphone --target-device ipad --minimum-deployment-target 15.0 --output-format human-readable-text /Users/harrisonfarrell/Desktop/IB/embeddingios/SlipStream/SlipStream/SlipStream/Base.lproj/LaunchScreen.storyboard --compilation-directory /Users/harrisonfarrell/Library/Developer/Xcode/DerivedData/VectorLens-cmecbypnyvqqbwcqspvgkepbizxj/Build/Intermediates.noindex/SlipStream.build/Debug-iphoneos/SlipStream_CSlipStream.build/Base.lproj

CompileStoryboard /Users/harrisonfarrell/Desktop/IB/embeddingios/SlipStream/SlipStream/SlipStream/Base.lproj/Main.storyboard (in target 'SlipStream_CSlipStream' from project 'SlipStream')
    cd /Users/harrisonfarrell/Desktop/IB/embeddingios/SlipStream
    /Applications/Xcode.app/Contents/Developer/usr/bin/ibtool --errors --warnings --notices --module SlipStream_CSlipStream --output-partial-info-plist /Users/harrisonfarrell/Library/Developer/Xcode/DerivedData/VectorLens-cmecbypnyvqqbwcqspvgkepbizxj/Build/Intermediates.noindex/SlipStream.build/Debug-iphoneos/SlipStream_CSlipStream.build/Base.lproj/Main-SBPartialInfo.plist --auto-activate-custom-fonts --target-device iphone --target-device ipad --minimum-deployment-target 15.0 --output-format human-readable-text /Users/harrisonfarrell/Desktop/IB/embeddingios/SlipStream/SlipStream/SlipStream/Base.lproj/Main.storyboard --compilation-directory /Users/harrisonfarrell/Library/Developer/Xcode/DerivedData/VectorLens-cmecbypnyvqqbwcqspvgkepbizxj/Build/Intermediates.noindex/SlipStream.build/Debug-iphoneos/SlipStream_CSlipStream.build/Base.lproj

CompileMetalFile /Users/harrisonfarrell/Desktop/IB/embeddingios/SlipStream/src/backends/slipstream_safe_kernels.metal (in target 'SlipStream_CSlipStream' from project 'SlipStream')
    cd /Users/harrisonfarrell/Desktop/IB/embeddingios/SlipStream
    /var/run/com.apple.security.cryptexd/mnt/com.apple.MobileAsset.MetalToolchain-v17.2.54.0.q6j9pu/Metal.xctoolchain/usr/bin/metal -c -target air64-apple-ios15.0 -I/Users/harrisonfarrell/Library/Developer/Xcode/DerivedData/VectorLens-cmecbypnyvqqbwcqspvgkepbizxj/Build/Products/Debug-iphoneos/include -F/Users/harrisonfarrell/Library/Developer/Xcode/DerivedData/VectorLens-cmecbypnyvqqbwcqspvgkepbizxj/Build/Products/Debug-iphoneos -isysroot /Applications/Xcode.app/Contents/Developer/Platforms/iPhoneOS.platform/Developer/SDKs/iPhoneOS26.1.sdk -fmetal-math-mode\=fast -fmetal-math-fp32-functions\=fast -serialize-diagnostics /Users/harrisonfarrell/Library/Developer/Xcode/DerivedData/VectorLens-cmecbypnyvqqbwcqspvgkepbizxj/Build/Intermediates.noindex/SlipStream.build/Debug-iphoneos/SlipStream_CSlipStream.build/Metal/slipstream_safe_kernels.dia -o /Users/harrisonfarrell/Library/Developer/Xcode/DerivedData/VectorLens-cmecbypnyvqqbwcqspvgkepbizxj/Build/Intermediates.noindex/SlipStream.build/Debug-iphoneos/SlipStream_CSlipStream.build/Metal/slipstream_safe_kernels.air -MMD -MT dependencies -MF /Users/harrisonfarrell/Library/Developer/Xcode/DerivedData/VectorLens-cmecbypnyvqqbwcqspvgkepbizxj/Build/Intermediates.noindex/SlipStream.build/Debug-iphoneos/SlipStream_CSlipStream.build/Metal/slipstream_safe_kernels.dat /Users/harrisonfarrell/Desktop/IB/embeddingios/SlipStream/src/backends/slipstream_safe_kernels.metal

CompileMetalFile /Users/harrisonfarrell/Desktop/IB/embeddingios/SlipStream/test_metal.metal (in target 'SlipStream_CSlipStream' from project 'SlipStream')
    cd /Users/harrisonfarrell/Desktop/IB/embeddingios/SlipStream
    /var/run/com.apple.security.cryptexd/mnt/com.apple.MobileAsset.MetalToolchain-v17.2.54.0.q6j9pu/Metal.xctoolchain/usr/bin/metal -c -target air64-apple-ios15.0 -I/Users/harrisonfarrell/Library/Developer/Xcode/DerivedData/VectorLens-cmecbypnyvqqbwcqspvgkepbizxj/Build/Products/Debug-iphoneos/include -F/Users/harrisonfarrell/Library/Developer/Xcode/DerivedData/VectorLens-cmecbypnyvqqbwcqspvgkepbizxj/Build/Products/Debug-iphoneos -isysroot /Applications/Xcode.app/Contents/Developer/Platforms/iPhoneOS.platform/Developer/SDKs/iPhoneOS26.1.sdk -fmetal-math-mode\=fast -fmetal-math-fp32-functions\=fast -serialize-diagnostics /Users/harrisonfarrell/Library/Developer/Xcode/DerivedData/VectorLens-cmecbypnyvqqbwcqspvgkepbizxj/Build/Intermediates.noindex/SlipStream.build/Debug-iphoneos/SlipStream_CSlipStream.build/Metal/test_metal.dia -o /Users/harrisonfarrell/Library/Developer/Xcode/DerivedData/VectorLens-cmecbypnyvqqbwcqspvgkepbizxj/Build/Intermediates.noindex/SlipStream.build/Debug-iphoneos/SlipStream_CSlipStream.build/Metal/test_metal.air -MMD -MT dependencies -MF /Users/harrisonfarrell/Library/Developer/Xcode/DerivedData/VectorLens-cmecbypnyvqqbwcqspvgkepbizxj/Build/Intermediates.noindex/SlipStream.build/Debug-iphoneos/SlipStream_CSlipStream.build/Metal/test_metal.dat /Users/harrisonfarrell/Desktop/IB/embeddingios/SlipStream/test_metal.metal

CompileAssetCatalogVariant thinned /Users/harrisonfarrell/Library/Developer/Xcode/DerivedData/VectorLens-cmecbypnyvqqbwcqspvgkepbizxj/Build/Products/Debug-iphoneos/SlipStream_CSlipStream.bundle /Users/harrisonfarrell/Desktop/IB/embeddingios/SlipStream/SlipStream/SlipStream/Assets.xcassets (in target 'SlipStream_CSlipStream' from project 'SlipStream')
    cd /Users/harrisonfarrell/Desktop/IB/embeddingios/SlipStream
    /Applications/Xcode.app/Contents/Developer/usr/bin/actool /Users/harrisonfarrell/Desktop/IB/embeddingios/SlipStream/SlipStream/SlipStream/Assets.xcassets --compile /Users/harrisonfarrell/Library/Developer/Xcode/DerivedData/VectorLens-cmecbypnyvqqbwcqspvgkepbizxj/Build/Intermediates.noindex/SlipStream.build/Debug-iphoneos/SlipStream_CSlipStream.build/assetcatalog_output/thinned --output-format human-readable-text --notices --warnings --export-dependency-info /Users/harrisonfarrell/Library/Developer/Xcode/DerivedData/VectorLens-cmecbypnyvqqbwcqspvgkepbizxj/Build/Intermediates.noindex/SlipStream.build/Debug-iphoneos/SlipStream_CSlipStream.build/assetcatalog_dependencies_thinned --output-partial-info-plist /Users/harrisonfarrell/Library/Developer/Xcode/DerivedData/VectorLens-cmecbypnyvqqbwcqspvgkepbizxj/Build/Intermediates.noindex/SlipStream.build/Debug-iphoneos/SlipStream_CSlipStream.build/assetcatalog_generated_info.plist_thinned --compress-pngs --enable-on-demand-resources NO --development-region en --target-device iphone --target-device ipad --minimum-deployment-target 15.0 --platform iphoneos
/* com.apple.actool.compilation-results */
/Users/harrisonfarrell/Library/Developer/Xcode/DerivedData/VectorLens-cmecbypnyvqqbwcqspvgkepbizxj/Build/Intermediates.noindex/SlipStream.build/Debug-iphoneos/SlipStream_CSlipStream.build/assetcatalog_generated_info.plist_thinned


GenerateAssetSymbols /Users/harrisonfarrell/Desktop/IB/embeddingios/SlipStream/SlipStream/SlipStream/Assets.xcassets (in target 'CSlipStream' from project 'SlipStream')
    cd /Users/harrisonfarrell/Desktop/IB/embeddingios/SlipStream
    /Applications/Xcode.app/Contents/Developer/usr/bin/actool /Users/harrisonfarrell/Desktop/IB/embeddingios/SlipStream/SlipStream/SlipStream/Assets.xcassets --compile /Users/harrisonfarrell/Library/Developer/Xcode/DerivedData/VectorLens-cmecbypnyvqqbwcqspvgkepbizxj/Build/Products/Debug-iphoneos --output-format human-readable-text --notices --warnings --export-dependency-info /Users/harrisonfarrell/Library/Developer/Xcode/DerivedData/VectorLens-cmecbypnyvqqbwcqspvgkepbizxj/Build/Intermediates.noindex/SlipStream.build/Debug-iphoneos/CSlipStream.build/assetcatalog_dependencies --output-partial-info-plist /Users/harrisonfarrell/Library/Developer/Xcode/DerivedData/VectorLens-cmecbypnyvqqbwcqspvgkepbizxj/Build/Intermediates.noindex/SlipStream.build/Debug-iphoneos/CSlipStream.build/assetcatalog_generated_info.plist --compress-pngs --enable-on-demand-resources NO --development-region en --target-device iphone --target-device ipad --minimum-deployment-target 15.0 --platform iphoneos --bundle-identifier slipstream.CSlipStream --generate-objc-asset-symbols /Users/harrisonfarrell/Library/Developer/Xcode/DerivedData/VectorLens-cmecbypnyvqqbwcqspvgkepbizxj/Build/Intermediates.noindex/SlipStream.build/Debug-iphoneos/CSlipStream.build/DerivedSources/GeneratedAssetSymbols.h --generate-asset-symbol-index /Users/harrisonfarrell/Library/Developer/Xcode/DerivedData/VectorLens-cmecbypnyvqqbwcqspvgkepbizxj/Build/Intermediates.noindex/SlipStream.build/Debug-iphoneos/CSlipStream.build/DerivedSources/GeneratedAssetSymbols-Index.plist
/* com.apple.actool.compilation-results */
/Users/harrisonfarrell/Library/Developer/Xcode/DerivedData/VectorLens-cmecbypnyvqqbwcqspvgkepbizxj/Build/Intermediates.noindex/SlipStream.build/Debug-iphoneos/CSlipStream.build/DerivedSources/GeneratedAssetSymbols-Index.plist
/Users/harrisonfarrell/Library/Developer/Xcode/DerivedData/VectorLens-cmecbypnyvqqbwcqspvgkepbizxj/Build/Intermediates.noindex/SlipStream.build/Debug-iphoneos/CSlipStream.build/DerivedSources/GeneratedAssetSymbols.h


SwiftDriver SlipStream normal arm64 com.apple.xcode.tools.swift.compiler (in target 'SlipStream' from project 'SlipStream')
    cd /Users/harrisonfarrell/Desktop/IB/embeddingios/VectorLens.xcodeproj
    builtin-SwiftDriver -- /Applications/Xcode.app/Contents/Developer/Toolchains/XcodeDefault.xctoolchain/usr/bin/swiftc -module-name SlipStream -Onone -enforce-exclusivity\=checked @/Users/harrisonfarrell/Library/Developer/Xcode/DerivedData/VectorLens-cmecbypnyvqqbwcqspvgkepbizxj/Build/Intermediates.noindex/SlipStream.build/Debug-iphoneos/SlipStream.build/Objects-normal/arm64/SlipStream.SwiftFileList -DSWIFT_PACKAGE -DDEBUG -DSWIFT_MODULE_RESOURCE_BUNDLE_UNAVAILABLE -Xcc -fmodule-map-file\=/Users/harrisonfarrell/Library/Developer/Xcode/DerivedData/VectorLens-cmecbypnyvqqbwcqspvgkepbizxj/Build/Intermediates.noindex/GeneratedModuleMaps-iphoneos/CSlipStream.modulemap -DXcode -plugin-path /Applications/Xcode.app/Contents/Developer/Toolchains/XcodeDefault.xctoolchain/usr/lib/swift/host/plugins/testing -enable-experimental-feature DebugDescriptionMacro -sdk /Applications/Xcode.app/Contents/Developer/Platforms/iPhoneOS.platform/Developer/SDKs/iPhoneOS26.1.sdk -target arm64-apple-ios15.0 -g -module-cache-path /Users/harrisonfarrell/Library/Developer/Xcode/DerivedData/ModuleCache.noindex -Xfrontend -serialize-debugging-options -enable-testing -index-store-path /Users/harrisonfarrell/Library/Developer/Xcode/DerivedData/VectorLens-cmecbypnyvqqbwcqspvgkepbizxj/Index.noindex/DataStore -Xcc -D_LIBCPP_HARDENING_MODE\=_LIBCPP_HARDENING_MODE_DEBUG -swift-version 5 -I /Users/harrisonfarrell/Library/Developer/Xcode/DerivedData/VectorLens-cmecbypnyvqqbwcqspvgkepbizxj/Build/Products/Debug-iphoneos -Isystem /Applications/Xcode.app/Contents/Developer/Platforms/iPhoneOS.platform/Developer/usr/lib -F /Users/harrisonfarrell/Library/Developer/Xcode/DerivedData/VectorLens-cmecbypnyvqqbwcqspvgkepbizxj/Build/Products/Debug-iphoneos/PackageFrameworks -F /Users/harrisonfarrell/Library/Developer/Xcode/DerivedData/VectorLens-cmecbypnyvqqbwcqspvgkepbizxj/Build/Products/Debug-iphoneos -F /Applications/Xcode.app/Contents/Developer/Platforms/iPhoneOS.platform/Developer/Library/Frameworks -F /Applications/Xcode.app/Contents/Developer/Platforms/iPhoneOS.platform/Developer/SDKs/iPhoneOS26.1.sdk/Developer/Library/Frameworks -emit-localized-strings -emit-localized-strings-path /Users/harrisonfarrell/Library/Developer/Xcode/DerivedData/VectorLens-cmecbypnyvqqbwcqspvgkepbizxj/Build/Intermediates.noindex/SlipStream.build/Debug-iphoneos/SlipStream.build/Objects-normal/arm64 -c -j10 -enable-batch-mode -incremental -Xcc -ivfsstatcache -Xcc /Users/harrisonfarrell/Library/Developer/Xcode/DerivedData/SDKStatCaches.noindex/iphoneos26.1-23B77-3885c01c3e6b6a337905948deab2002e69b33fc7382b27d9b5d46e82a00f8e78.sdkstatcache -output-file-map /Users/harrisonfarrell/Library/Developer/Xcode/DerivedData/VectorLens-cmecbypnyvqqbwcqspvgkepbizxj/Build/Intermediates.noindex/SlipStream.build/Debug-iphoneos/SlipStream.build/Objects-normal/arm64/SlipStream-OutputFileMap.json -use-frontend-parseable-output -save-temps -no-color-diagnostics -explicit-module-build -module-cache-path /Users/harrisonfarrell/Library/Developer/Xcode/DerivedData/VectorLens-cmecbypnyvqqbwcqspvgkepbizxj/Build/Intermediates.noindex/SwiftExplicitPrecompiledModules -clang-scanner-module-cache-path /Users/harrisonfarrell/Library/Developer/Xcode/DerivedData/ModuleCache.noindex -sdk-module-cache-path /Users/harrisonfarrell/Library/Developer/Xcode/DerivedData/ModuleCache.noindex -serialize-diagnostics -emit-dependencies -emit-module -emit-module-path /Users/harrisonfarrell/Library/Developer/Xcode/DerivedData/VectorLens-cmecbypnyvqqbwcqspvgkepbizxj/Build/Intermediates.noindex/SlipStream.build/Debug-iphoneos/SlipStream.build/Objects-normal/arm64/SlipStream.swiftmodule -validate-clang-modules-once -clang-build-session-file /Users/harrisonfarrell/Library/Developer/Xcode/DerivedData/ModuleCache.noindex/Session.modulevalidation -package-name slipstream -Xcc -I/Users/harrisonfarrell/Library/Developer/Xcode/DerivedData/VectorLens-cmecbypnyvqqbwcqspvgkepbizxj/Build/Intermediates.noindex/SlipStream.build/Debug-iphoneos/SlipStream.build/swift-overrides.hmap -emit-const-values -Xfrontend -const-gather-protocols-file -Xfrontend /Users/harrisonfarrell/Library/Developer/Xcode/DerivedData/VectorLens-cmecbypnyvqqbwcqspvgkepbizxj/Build/Intermediates.noindex/SlipStream.build/Debug-iphoneos/SlipStream.build/Objects-normal/arm64/SlipStream_const_extract_protocols.json -Xcc -I/Users/harrisonfarrell/Desktop/IB/embeddingios/SlipStream/include -Xcc -I/Users/harrisonfarrell/Library/Developer/Xcode/DerivedData/VectorLens-cmecbypnyvqqbwcqspvgkepbizxj/Build/Products/Debug-iphoneos/include -Xcc -I/Users/harrisonfarrell/Library/Developer/Xcode/DerivedData/VectorLens-cmecbypnyvqqbwcqspvgkepbizxj/Build/Intermediates.noindex/SlipStream.build/Debug-iphoneos/SlipStream.build/DerivedSources-normal/arm64 -Xcc -I/Users/harrisonfarrell/Library/Developer/Xcode/DerivedData/VectorLens-cmecbypnyvqqbwcqspvgkepbizxj/Build/Intermediates.noindex/SlipStream.build/Debug-iphoneos/SlipStream.build/DerivedSources/arm64 -Xcc -I/Users/harrisonfarrell/Library/Developer/Xcode/DerivedData/VectorLens-cmecbypnyvqqbwcqspvgkepbizxj/Build/Intermediates.noindex/SlipStream.build/Debug-iphoneos/SlipStream.build/DerivedSources -Xcc -DSWIFT_PACKAGE -Xcc -DDEBUG\=1 -emit-objc-header -emit-objc-header-path /Users/harrisonfarrell/Library/Developer/Xcode/DerivedData/VectorLens-cmecbypnyvqqbwcqspvgkepbizxj/Build/Intermediates.noindex/SlipStream.build/Debug-iphoneos/SlipStream.build/Objects-normal/arm64/SlipStream-Swift.h -working-directory /Users/harrisonfarrell/Desktop/IB/embeddingios/VectorLens.xcodeproj -experimental-emit-module-separately -disable-cmo

SwiftExplicitDependencyGeneratePcm arm64 /Users/harrisonfarrell/Library/Developer/Xcode/DerivedData/VectorLens-cmecbypnyvqqbwcqspvgkepbizxj/Build/Intermediates.noindex/SwiftExplicitPrecompiledModules/CSlipStream-64MCKX5Q3HGMGAME731KT4N4Y.pcm

MetalLink /Users/harrisonfarrell/Library/Developer/Xcode/DerivedData/VectorLens-cmecbypnyvqqbwcqspvgkepbizxj/Build/Products/Debug-iphoneos/SlipStream_CSlipStream.bundle/default.metallib (in target 'SlipStream_CSlipStream' from project 'SlipStream')
    cd /Users/harrisonfarrell/Desktop/IB/embeddingios/SlipStream
    /var/run/com.apple.security.cryptexd/mnt/com.apple.MobileAsset.MetalToolchain-v17.2.54.0.q6j9pu/Metal.xctoolchain/usr/bin/metal -target air64-apple-ios15.0 -o /Users/harrisonfarrell/Library/Developer/Xcode/DerivedData/VectorLens-cmecbypnyvqqbwcqspvgkepbizxj/Build/Products/Debug-iphoneos/SlipStream_CSlipStream.bundle/default.metallib /Users/harrisonfarrell/Library/Developer/Xcode/DerivedData/VectorLens-cmecbypnyvqqbwcqspvgkepbizxj/Build/Intermediates.noindex/SlipStream.build/Debug-iphoneos/SlipStream_CSlipStream.build/Metal/slipstream_safe_kernels.air /Users/harrisonfarrell/Library/Developer/Xcode/DerivedData/VectorLens-cmecbypnyvqqbwcqspvgkepbizxj/Build/Intermediates.noindex/SlipStream.build/Debug-iphoneos/SlipStream_CSlipStream.build/Metal/test_metal.air

SwiftCompile normal arm64 Compiling\ SlipStreamStatsTracker.swift /Users/harrisonfarrell/Desktop/IB/embeddingios/SlipStream/bindings/swift/Sources/SlipStream/SlipStreamStatsTracker.swift (in target 'SlipStream' from project 'SlipStream')
SwiftCompile normal arm64 /Users/harrisonfarrell/Desktop/IB/embeddingios/SlipStream/bindings/swift/Sources/SlipStream/SlipStreamStatsTracker.swift (in target 'SlipStream' from project 'SlipStream')
    cd /Users/harrisonfarrell/Desktop/IB/embeddingios/VectorLens.xcodeproj
    
/Users/harrisonfarrell/Desktop/IB/embeddingios/SlipStream/bindings/swift/Sources/SlipStream/SlipStreamStatsTracker.swift:104:27: error: cannot find 'ss_get_memory_usage' in scope
        memoryUsedBytes = ss_get_memory_usage()
                          ^~~~~~~~~~~~~~~~~~~

SwiftCompile normal arm64 Compiling\ SlipStreamStabilityKit.swift /Users/harrisonfarrell/Desktop/IB/embeddingios/SlipStream/bindings/swift/Sources/SlipStream/SlipStreamStabilityKit.swift (in target 'SlipStream' from project 'SlipStream')
SwiftCompile normal arm64 /Users/harrisonfarrell/Desktop/IB/embeddingios/SlipStream/bindings/swift/Sources/SlipStream/SlipStreamStabilityKit.swift (in target 'SlipStream' from project 'SlipStream')
    cd /Users/harrisonfarrell/Desktop/IB/embeddingios/VectorLens.xcodeproj
    

SwiftEmitModule normal arm64 Emitting\ module\ for\ SlipStream (in target 'SlipStream' from project 'SlipStream')

EmitSwiftModule normal arm64 (in target 'SlipStream' from project 'SlipStream')
    cd /Users/harrisonfarrell/Desktop/IB/embeddingios/VectorLens.xcodeproj
    

SwiftCompile normal arm64 Compiling\ SlipStream.swift /Users/harrisonfarrell/Desktop/IB/embeddingios/SlipStream/bindings/swift/Sources/SlipStream/SlipStream.swift (in target 'SlipStream' from project 'SlipStream')
Failed frontend command:
/Applications/Xcode.app/Contents/Developer/Toolchains/XcodeDefault.xctoolchain/usr/bin/swift-frontend -frontend -c -primary-file /Users/harrisonfarrell/Desktop/IB/embeddingios/SlipStream/bindings/swift/Sources/SlipStream/SlipStream.swift /Users/harrisonfarrell/Desktop/IB/embeddingios/SlipStream/bindings/swift/Sources/SlipStream/SlipStreamDeviceKit.swift /Users/harrisonfarrell/Desktop/IB/embeddingios/SlipStream/bindings/swift/Sources/SlipStream/SlipStreamMetalBackend.swift /Users/harrisonfarrell/Desktop/IB/embeddingios/SlipStream/bindings/swift/Sources/SlipStream/SlipStreamStabilityKit.swift /Users/harrisonfarrell/Desktop/IB/embeddingios/SlipStream/bindings/swift/Sources/SlipStream/SlipStreamStatsTracker.swift -emit-dependencies-path /Users/harrisonfarrell/Library/Developer/Xcode/DerivedData/VectorLens-cmecbypnyvqqbwcqspvgkepbizxj/Build/Intermediates.noindex/SlipStream.build/Debug-iphoneos/SlipStream.build/Objects-normal/arm64/SlipStream.d -emit-const-values-path /Users/harrisonfarrell/Library/Developer/Xcode/DerivedData/VectorLens-cmecbypnyvqqbwcqspvgkepbizxj/Build/Intermediates.noindex/SlipStream.build/Debug-iphoneos/SlipStream.build/Objects-normal/arm64/SlipStream.swiftconstvalues -emit-reference-dependencies-path /Users/harrisonfarrell/Library/Developer/Xcode/DerivedData/VectorLens-cmecbypnyvqqbwcqspvgkepbizxj/Build/Intermediates.noindex/SlipStream.build/Debug-iphoneos/SlipStream.build/Objects-normal/arm64/SlipStream.swiftdeps -serialize-diagnostics-path /Users/harrisonfarrell/Library/Developer/Xcode/DerivedData/VectorLens-cmecbypnyvqqbwcqspvgkepbizxj/Build/Intermediates.noindex/SlipStream.build/Debug-iphoneos/SlipStream.build/Objects-normal/arm64/SlipStream.dia -emit-localized-strings -emit-localized-strings-path /Users/harrisonfarrell/Library/Developer/Xcode/DerivedData/VectorLens-cmecbypnyvqqbwcqspvgkepbizxj/Build/Intermediates.noindex/SlipStream.build/Debug-iphoneos/SlipStream.build/Objects-normal/arm64 -target arm64-apple-ios15.0 -module-can-import-version UIKit 9126.1.12.1 9126.1.12 -load-resolved-plugin /Applications/Xcode.app/Contents/Developer/Platforms/iPhoneOS.platform/Developer/usr/lib/swift/host/plugins/libFoundationMacros.dylib\#/Applications/Xcode.app/Contents/Developer/Platforms/iPhoneOS.platform/Developer/usr/bin/swift-plugin-server\#FoundationMacros -load-resolved-plugin /Applications/Xcode.app/Contents/Developer/Platforms/iPhoneOS.platform/Developer/usr/lib/swift/host/plugins/libObservationMacros.dylib\#/Applications/Xcode.app/Contents/Developer/Platforms/iPhoneOS.platform/Developer/usr/bin/swift-plugin-server\#ObservationMacros -load-resolved-plugin /Applications/Xcode.app/Contents/Developer/Platforms/iPhoneOS.platform/Developer/usr/lib/swift/host/plugins/libPreviewsMacros.dylib\#/Applications/Xcode.app/Contents/Developer/Platforms/iPhoneOS.platform/Developer/usr/bin/swift-plugin-server\#PreviewsMacros -load-resolved-plugin /Applications/Xcode.app/Contents/Developer/Platforms/iPhoneOS.platform/Developer/usr/lib/swift/host/plugins/libSwiftMacros.dylib\#/Applications/Xcode.app/Contents/Developer/Platforms/iPhoneOS.platform/Developer/usr/bin/swift-plugin-server\#SwiftMacros -load-resolved-plugin /Applications/Xcode.app/Contents/Developer/Platforms/iPhoneOS.platform/Developer/usr/lib/swift/host/plugins/libSwiftUIMacros.dylib\#/Applications/Xcode.app/Contents/Developer/Platforms/iPhoneOS.platform/Developer/usr/bin/swift-plugin-server\#SwiftUIMacros -disable-implicit-swift-modules -Xcc -fno-implicit-modules -Xcc -fno-implicit-module-maps -explicit-swift-module-map-file /Users/harrisonfarrell/Library/Developer/Xcode/DerivedData/VectorLens-cmecbypnyvqqbwcqspvgkepbizxj/Build/Intermediates.noindex/SlipStream.build/Debug-iphoneos/SlipStream.build/Objects-normal/arm64/SlipStream-dependencies-1.json -Xllvm -aarch64-use-tbi -enable-objc-interop -stack-check -sdk /Applications/Xcode.app/Contents/Developer/Platforms/iPhoneOS.platform/Developer/SDKs/iPhoneOS26.1.sdk -I /Users/harrisonfarrell/Library/Developer/Xcode/DerivedData/VectorLens-cmecbypnyvqqbwcqspvgkepbizxj/Build/Products/Debug-iphoneos -Isystem /Applications/Xcode.app/Contents/Developer/Platforms/iPhoneOS.platform/Developer/usr/lib -F /Users/harrisonfarrell/Library/Developer/Xcode/DerivedData/VectorLens-cmecbypnyvqqbwcqspvgkepbizxj/Build/Products/Debug-iphoneos/PackageFrameworks -F /Users/harrisonfarrell/Library/Developer/Xcode/DerivedData/VectorLens-cmecbypnyvqqbwcqspvgkepbizxj/Build/Products/Debug-iphoneos -F /Applications/Xcode.app/Contents/Developer/Platforms/iPhoneOS.platform/Developer/Library/Frameworks -F /Applications/Xcode.app/Contents/Developer/Platforms/iPhoneOS.platform/Developer/SDKs/iPhoneOS26.1.sdk/Developer/Library/Frameworks -no-color-diagnostics -Xcc -fno-color-diagnostics -enable-testing -g -debug-info-format\=dwarf -dwarf-version\=4 -module-cache-path /Users/harrisonfarrell/Library/Developer/Xcode/DerivedData/VectorLens-cmecbypnyvqqbwcqspvgkepbizxj/Build/Intermediates.noindex/SwiftExplicitPrecompiledModules -swift-version 5 -enforce-exclusivity\=checked -Onone -D SWIFT_PACKAGE -D DEBUG -D SWIFT_MODULE_RESOURCE_BUNDLE_UNAVAILABLE -D Xcode -serialize-debugging-options -const-gather-protocols-file /Users/harrisonfarrell/Library/Developer/Xcode/DerivedData/VectorLens-cmecbypnyvqqbwcqspvgkepbizxj/Build/Intermediates.noindex/SlipStream.build/Debug-iphoneos/SlipStream.build/Objects-normal/arm64/SlipStream_const_extract_protocols.json -enable-experimental-feature DebugDescriptionMacro -empty-abi-descriptor -validate-clang-modules-once -clang-build-session-file /Users/harrisonfarrell/Library/Developer/Xcode/DerivedData/ModuleCache.noindex/Session.modulevalidation -Xcc -working-directory -Xcc /Users/harrisonfarrell/Desktop/IB/embeddingios/VectorLens.xcodeproj -enable-anonymous-context-mangled-names -file-compilation-dir /Users/harrisonfarrell/Desktop/IB/embeddingios/VectorLens.xcodeproj -Xcc -fmodule-map-file\=/Users/harrisonfarrell/Library/Developer/Xcode/DerivedData/VectorLens-cmecbypnyvqqbwcqspvgkepbizxj/Build/Intermediates.noindex/GeneratedModuleMaps-iphoneos/CSlipStream.modulemap -Xcc -D_LIBCPP_HARDENING_MODE\=_LIBCPP_HARDENING_MODE_DEBUG -Xcc -ivfsstatcache -Xcc /Users/harrisonfarrell/Library/Developer/Xcode/DerivedData/SDKStatCaches.noindex/iphoneos26.1-23B77-3885c01c3e6b6a337905948deab2002e69b33fc7382b27d9b5d46e82a00f8e78.sdkstatcache -Xcc -I/Users/harrisonfarrell/Library/Developer/Xcode/DerivedData/VectorLens-cmecbypnyvqqbwcqspvgkepbizxj/Build/Intermediates.noindex/SlipStream.build/Debug-iphoneos/SlipStream.build/swift-overrides.hmap -Xcc -I/Users/harrisonfarrell/Desktop/IB/embeddingios/SlipStream/include -Xcc -I/Users/harrisonfarrell/Library/Developer/Xcode/DerivedData/VectorLens-cmecbypnyvqqbwcqspvgkepbizxj/Build/Products/Debug-iphoneos/include -Xcc -I/Users/harrisonfarrell/Library/Developer/Xcode/DerivedData/VectorLens-cmecbypnyvqqbwcqspvgkepbizxj/Build/Intermediates.noindex/SlipStream.build/Debug-iphoneos/SlipStream.build/DerivedSources-normal/arm64 -Xcc -I/Users/harrisonfarrell/Library/Developer/Xcode/DerivedData/VectorLens-cmecbypnyvqqbwcqspvgkepbizxj/Build/Intermediates.noindex/SlipStream.build/Debug-iphoneos/SlipStream.build/DerivedSources/arm64 -Xcc -I/Users/harrisonfarrell/Library/Developer/Xcode/DerivedData/VectorLens-cmecbypnyvqqbwcqspvgkepbizxj/Build/Intermediates.noindex/SlipStream.build/Debug-iphoneos/SlipStream.build/DerivedSources -Xcc -DSWIFT_PACKAGE -Xcc -DDEBUG\=1 -no-auto-bridging-header-chaining -module-name SlipStream -package-name slipstream -frontend-parseable-output -disable-clang-spi -target-sdk-version 26.1 -target-sdk-name iphoneos26.1 -clang-target arm64-apple-ios26.1 -in-process-plugin-server-path /Applications/Xcode.app/Contents/Developer/Toolchains/XcodeDefault.xctoolchain/usr/lib/swift/host/libSwiftInProcPluginServer.dylib -o /Users/harrisonfarrell/Library/Developer/Xcode/DerivedData/VectorLens-cmecbypnyvqqbwcqspvgkepbizxj/Build/Intermediates.noindex/SlipStream.build/Debug-iphoneos/SlipStream.build/Objects-normal/arm64/SlipStream.o -index-unit-output-path /SlipStream.build/Debug-iphoneos/SlipStream.build/Objects-normal/arm64/SlipStream.o -index-store-path /Users/harrisonfarrell/Library/Developer/Xcode/DerivedData/VectorLens-cmecbypnyvqqbwcqspvgkepbizxj/Index.noindex/DataStore -index-system-modules

SwiftCompile normal arm64 /Users/harrisonfarrell/Desktop/IB/embeddingios/SlipStream/bindings/swift/Sources/SlipStream/SlipStream.swift (in target 'SlipStream' from project 'SlipStream')
    cd /Users/harrisonfarrell/Desktop/IB/embeddingios/VectorLens.xcodeproj
    
/Users/harrisonfarrell/Desktop/IB/embeddingios/SlipStream/bindings/swift/Sources/SlipStream/SlipStream.swift:102:51: error: value of type 'ss_model_info_t' has no member 'chat_format'
        let formatArray = Mirror(reflecting: info.chat_format).children.map { $0.value as! CChar }
                                             ~~~~ ^~~~~~~~~~~
/Users/harrisonfarrell/Desktop/IB/embeddingios/SlipStream/bindings/swift/Sources/SlipStream/SlipStream.swift:124:13: error: cannot find 'ss_set_throttle' in scope
            ss_set_throttle(m, delayMicroseconds)
            ^~~~~~~~~~~~~~~
/Users/harrisonfarrell/Desktop/IB/embeddingios/SlipStream/bindings/swift/Sources/SlipStream/SlipStream.swift:190:34: warning: capture of 'self' with non-Sendable type 'SlipStreamModel?' in a '@Sendable' closure
                guard let self = self, let m = self.model else {
                                 ^
/Users/harrisonfarrell/Desktop/IB/embeddingios/SlipStream/bindings/swift/Sources/SlipStream/SlipStream.swift:73:20: note: class 'SlipStreamModel' does not conform to the 'Sendable' protocol
public final class SlipStreamModel {
                   ^
/Users/harrisonfarrell/Desktop/IB/embeddingios/SlipStream/bindings/swift/Sources/SlipStream/SlipStream.swift:214:26: error: cannot find 'ss_get_last_profile_path' in scope
        if let pathPtr = ss_get_last_profile_path() {
                         ^~~~~~~~~~~~~~~~~~~~~~~~
/Users/harrisonfarrell/Desktop/IB/embeddingios/SlipStream/bindings/swift/Sources/SlipStream/SlipStream.swift:222:13: error: cannot find 'ss_set_profile_output_dir' in scope
            ss_set_profile_output_dir(cStr)
            ^~~~~~~~~~~~~~~~~~~~~~~~~
/Users/harrisonfarrell/Desktop/IB/embeddingios/SlipStream/bindings/swift/Sources/SlipStream/SlipStream.swift:238:16: error: cannot find 'ss_get_memory_usage' in scope
        return ss_get_memory_usage()
               ^~~~~~~~~~~~~~~~~~~

SwiftCompile normal arm64 Compiling\ SlipStreamMetalBackend.swift /Users/harrisonfarrell/Desktop/IB/embeddingios/SlipStream/bindings/swift/Sources/SlipStream/SlipStreamMetalBackend.swift (in target 'SlipStream' from project 'SlipStream')
SwiftCompile normal arm64 /Users/harrisonfarrell/Desktop/IB/embeddingios/SlipStream/bindings/swift/Sources/SlipStream/SlipStreamMetalBackend.swift (in target 'SlipStream' from project 'SlipStream')
    cd /Users/harrisonfarrell/Desktop/IB/embeddingios/VectorLens.xcodeproj
    

SwiftCompile normal arm64 Compiling\ SlipStreamDeviceKit.swift /Users/harrisonfarrell/Desktop/IB/embeddingios/SlipStream/bindings/swift/Sources/SlipStream/SlipStreamDeviceKit.swift (in target 'SlipStream' from project 'SlipStream')

SwiftCompile normal arm64 /Users/harrisonfarrell/Desktop/IB/embeddingios/SlipStream/bindings/swift/Sources/SlipStream/SlipStreamDeviceKit.swift (in target 'SlipStream' from project 'SlipStream')
    cd /Users/harrisonfarrell/Desktop/IB/embeddingios/VectorLens.xcodeproj
    

SwiftDriverJobDiscovery normal arm64 Emitting module for SlipStream (in target 'SlipStream' from project 'SlipStream')

SwiftDriver\ Compilation\ Requirements SlipStream normal arm64 com.apple.xcode.tools.swift.compiler (in target 'SlipStream' from project 'SlipStream')
    cd /Users/harrisonfarrell/Desktop/IB/embeddingios/VectorLens.xcodeproj
    builtin-Swift-Compilation-Requirements -- /Applications/Xcode.app/Contents/Developer/Toolchains/XcodeDefault.xctoolchain/usr/bin/swiftc -module-name SlipStream -Onone -enforce-exclusivity\=checked @/Users/harrisonfarrell/Library/Developer/Xcode/DerivedData/VectorLens-cmecbypnyvqqbwcqspvgkepbizxj/Build/Intermediates.noindex/SlipStream.build/Debug-iphoneos/SlipStream.build/Objects-normal/arm64/SlipStream.SwiftFileList -DSWIFT_PACKAGE -DDEBUG -DSWIFT_MODULE_RESOURCE_BUNDLE_UNAVAILABLE -Xcc -fmodule-map-file\=/Users/harrisonfarrell/Library/Developer/Xcode/DerivedData/VectorLens-cmecbypnyvqqbwcqspvgkepbizxj/Build/Intermediates.noindex/GeneratedModuleMaps-iphoneos/CSlipStream.modulemap -DXcode -plugin-path /Applications/Xcode.app/Contents/Developer/Toolchains/XcodeDefault.xctoolchain/usr/lib/swift/host/plugins/testing -enable-experimental-feature DebugDescriptionMacro -sdk /Applications/Xcode.app/Contents/Developer/Platforms/iPhoneOS.platform/Developer/SDKs/iPhoneOS26.1.sdk -target arm64-apple-ios15.0 -g -module-cache-path /Users/harrisonfarrell/Library/Developer/Xcode/DerivedData/ModuleCache.noindex -Xfrontend -serialize-debugging-options -enable-testing -index-store-path /Users/harrisonfarrell/Library/Developer/Xcode/DerivedData/VectorLens-cmecbypnyvqqbwcqspvgkepbizxj/Index.noindex/DataStore -Xcc -D_LIBCPP_HARDENING_MODE\=_LIBCPP_HARDENING_MODE_DEBUG -swift-version 5 -I /Users/harrisonfarrell/Library/Developer/Xcode/DerivedData/VectorLens-cmecbypnyvqqbwcqspvgkepbizxj/Build/Products/Debug-iphoneos -Isystem /Applications/Xcode.app/Contents/Developer/Platforms/iPhoneOS.platform/Developer/usr/lib -F /Users/harrisonfarrell/Library/Developer/Xcode/DerivedData/VectorLens-cmecbypnyvqqbwcqspvgkepbizxj/Build/Products/Debug-iphoneos/PackageFrameworks -F /Users/harrisonfarrell/Library/Developer/Xcode/DerivedData/VectorLens-cmecbypnyvqqbwcqspvgkepbizxj/Build/Products/Debug-iphoneos -F /Applications/Xcode.app/Contents/Developer/Platforms/iPhoneOS.platform/Developer/Library/Frameworks -F /Applications/Xcode.app/Contents/Developer/Platforms/iPhoneOS.platform/Developer/SDKs/iPhoneOS26.1.sdk/Developer/Library/Frameworks -emit-localized-strings -emit-localized-strings-path /Users/harrisonfarrell/Library/Developer/Xcode/DerivedData/VectorLens-cmecbypnyvqqbwcqspvgkepbizxj/Build/Intermediates.noindex/SlipStream.build/Debug-iphoneos/SlipStream.build/Objects-normal/arm64 -c -j10 -enable-batch-mode -incremental -Xcc -ivfsstatcache -Xcc /Users/harrisonfarrell/Library/Developer/Xcode/DerivedData/SDKStatCaches.noindex/iphoneos26.1-23B77-3885c01c3e6b6a337905948deab2002e69b33fc7382b27d9b5d46e82a00f8e78.sdkstatcache -output-file-map /Users/harrisonfarrell/Library/Developer/Xcode/DerivedData/VectorLens-cmecbypnyvqqbwcqspvgkepbizxj/Build/Intermediates.noindex/SlipStream.build/Debug-iphoneos/SlipStream.build/Objects-normal/arm64/SlipStream-OutputFileMap.json -use-frontend-parseable-output -save-temps -no-color-diagnostics -explicit-module-build -module-cache-path /Users/harrisonfarrell/Library/Developer/Xcode/DerivedData/VectorLens-cmecbypnyvqqbwcqspvgkepbizxj/Build/Intermediates.noindex/SwiftExplicitPrecompiledModules -clang-scanner-module-cache-path /Users/harrisonfarrell/Library/Developer/Xcode/DerivedData/ModuleCache.noindex -sdk-module-cache-path /Users/harrisonfarrell/Library/Developer/Xcode/DerivedData/ModuleCache.noindex -serialize-diagnostics -emit-dependencies -emit-module -emit-module-path /Users/harrisonfarrell/Library/Developer/Xcode/DerivedData/VectorLens-cmecbypnyvqqbwcqspvgkepbizxj/Build/Intermediates.noindex/SlipStream.build/Debug-iphoneos/SlipStream.build/Objects-normal/arm64/SlipStream.swiftmodule -validate-clang-modules-once -clang-build-session-file /Users/harrisonfarrell/Library/Developer/Xcode/DerivedData/ModuleCache.noindex/Session.modulevalidation -package-name slipstream -Xcc -I/Users/harrisonfarrell/Library/Developer/Xcode/DerivedData/VectorLens-cmecbypnyvqqbwcqspvgkepbizxj/Build/Intermediates.noindex/SlipStream.build/Debug-iphoneos/SlipStream.build/swift-overrides.hmap -emit-const-values -Xfrontend -const-gather-protocols-file -Xfrontend /Users/harrisonfarrell/Library/Developer/Xcode/DerivedData/VectorLens-cmecbypnyvqqbwcqspvgkepbizxj/Build/Intermediates.noindex/SlipStream.build/Debug-iphoneos/SlipStream.build/Objects-normal/arm64/SlipStream_const_extract_protocols.json -Xcc -I/Users/harrisonfarrell/Desktop/IB/embeddingios/SlipStream/include -Xcc -I/Users/harrisonfarrell/Library/Developer/Xcode/DerivedData/VectorLens-cmecbypnyvqqbwcqspvgkepbizxj/Build/Products/Debug-iphoneos/include -Xcc -I/Users/harrisonfarrell/Library/Developer/Xcode/DerivedData/VectorLens-cmecbypnyvqqbwcqspvgkepbizxj/Build/Intermediates.noindex/SlipStream.build/Debug-iphoneos/SlipStream.build/DerivedSources-normal/arm64 -Xcc -I/Users/harrisonfarrell/Library/Developer/Xcode/DerivedData/VectorLens-cmecbypnyvqqbwcqspvgkepbizxj/Build/Intermediates.noindex/SlipStream.build/Debug-iphoneos/SlipStream.build/DerivedSources/arm64 -Xcc -I/Users/harrisonfarrell/Library/Developer/Xcode/DerivedData/VectorLens-cmecbypnyvqqbwcqspvgkepbizxj/Build/Intermediates.noindex/SlipStream.build/Debug-iphoneos/SlipStream.build/DerivedSources -Xcc -DSWIFT_PACKAGE -Xcc -DDEBUG\=1 -emit-objc-header -emit-objc-header-path /Users/harrisonfarrell/Library/Developer/Xcode/DerivedData/VectorLens-cmecbypnyvqqbwcqspvgkepbizxj/Build/Intermediates.noindex/SlipStream.build/Debug-iphoneos/SlipStream.build/Objects-normal/arm64/SlipStream-Swift.h -working-directory /Users/harrisonfarrell/Desktop/IB/embeddingios/VectorLens.xcodeproj -experimental-emit-module-separately -disable-cmo

SwiftMergeGeneratedHeaders /Users/harrisonfarrell/Library/Developer/Xcode/DerivedData/VectorLens-cmecbypnyvqqbwcqspvgkepbizxj/Build/Intermediates.noindex/GeneratedModuleMaps-iphoneos/SlipStream-Swift.h /Users/harrisonfarrell/Library/Developer/Xcode/DerivedData/VectorLens-cmecbypnyvqqbwcqspvgkepbizxj/Build/Intermediates.noindex/SlipStream.build/Debug-iphoneos/SlipStream.build/Objects-normal/arm64/SlipStream-Swift.h (in target 'SlipStream' from project 'SlipStream')
    cd /Users/harrisonfarrell/Desktop/IB/embeddingios/SlipStream
    builtin-swiftHeaderTool -arch arm64 /Users/harrisonfarrell/Library/Developer/Xcode/DerivedData/VectorLens-cmecbypnyvqqbwcqspvgkepbizxj/Build/Intermediates.noindex/SlipStream.build/Debug-iphoneos/SlipStream.build/Objects-normal/arm64/SlipStream-Swift.h -o /Users/harrisonfarrell/Library/Developer/Xcode/DerivedData/VectorLens-cmecbypnyvqqbwcqspvgkepbizxj/Build/Intermediates.noindex/GeneratedModuleMaps-iphoneos/SlipStream-Swift.h

Copy /Users/harrisonfarrell/Library/Developer/Xcode/DerivedData/VectorLens-cmecbypnyvqqbwcqspvgkepbizxj/Build/Products/Debug-iphoneos/SlipStream.swiftmodule/arm64-apple-ios.swiftmodule /Users/harrisonfarrell/Library/Developer/Xcode/DerivedData/VectorLens-cmecbypnyvqqbwcqspvgkepbizxj/Build/Intermediates.noindex/SlipStream.build/Debug-iphoneos/SlipStream.build/Objects-normal/arm64/SlipStream.swiftmodule (in target 'SlipStream' from project 'SlipStream')
    cd /Users/harrisonfarrell/Desktop/IB/embeddingios/SlipStream
    builtin-copy -exclude .DS_Store -exclude CVS -exclude .svn -exclude .git -exclude .hg -resolve-src-symlinks -rename /Users/harrisonfarrell/Library/Developer/Xcode/DerivedData/VectorLens-cmecbypnyvqqbwcqspvgkepbizxj/Build/Intermediates.noindex/SlipStream.build/Debug-iphoneos/SlipStream.build/Objects-normal/arm64/SlipStream.swiftmodule /Users/harrisonfarrell/Library/Developer/Xcode/DerivedData/VectorLens-cmecbypnyvqqbwcqspvgkepbizxj/Build/Products/Debug-iphoneos/SlipStream.swiftmodule/arm64-apple-ios.swiftmodule

Copy /Users/harrisonfarrell/Library/Developer/Xcode/DerivedData/VectorLens-cmecbypnyvqqbwcqspvgkepbizxj/Build/Products/Debug-iphoneos/SlipStream.swiftmodule/arm64-apple-ios.swiftdoc /Users/harrisonfarrell/Library/Developer/Xcode/DerivedData/VectorLens-cmecbypnyvqqbwcqspvgkepbizxj/Build/Intermediates.noindex/SlipStream.build/Debug-iphoneos/SlipStream.build/Objects-normal/arm64/SlipStream.swiftdoc (in target 'SlipStream' from project 'SlipStream')
    cd /Users/harrisonfarrell/Desktop/IB/embeddingios/SlipStream
    builtin-copy -exclude .DS_Store -exclude CVS -exclude .svn -exclude .git -exclude .hg -resolve-src-symlinks -rename /Users/harrisonfarrell/Library/Developer/Xcode/DerivedData/VectorLens-cmecbypnyvqqbwcqspvgkepbizxj/Build/Intermediates.noindex/SlipStream.build/Debug-iphoneos/SlipStream.build/Objects-normal/arm64/SlipStream.swiftdoc /Users/harrisonfarrell/Library/Developer/Xcode/DerivedData/VectorLens-cmecbypnyvqqbwcqspvgkepbizxj/Build/Products/Debug-iphoneos/SlipStream.swiftmodule/arm64-apple-ios.swiftdoc

Copy /Users/harrisonfarrell/Library/Developer/Xcode/DerivedData/VectorLens-cmecbypnyvqqbwcqspvgkepbizxj/Build/Products/Debug-iphoneos/SlipStream.swiftmodule/arm64-apple-ios.abi.json /Users/harrisonfarrell/Library/Developer/Xcode/DerivedData/VectorLens-cmecbypnyvqqbwcqspvgkepbizxj/Build/Intermediates.noindex/SlipStream.build/Debug-iphoneos/SlipStream.build/Objects-normal/arm64/SlipStream.abi.json (in target 'SlipStream' from project 'SlipStream')
    cd /Users/harrisonfarrell/Desktop/IB/embeddingios/SlipStream
    builtin-copy -exclude .DS_Store -exclude CVS -exclude .svn -exclude .git -exclude .hg -resolve-src-symlinks -rename /Users/harrisonfarrell/Library/Developer/Xcode/DerivedData/VectorLens-cmecbypnyvqqbwcqspvgkepbizxj/Build/Intermediates.noindex/SlipStream.build/Debug-iphoneos/SlipStream.build/Objects-normal/arm64/SlipStream.abi.json /Users/harrisonfarrell/Library/Developer/Xcode/DerivedData/VectorLens-cmecbypnyvqqbwcqspvgkepbizxj/Build/Products/Debug-iphoneos/SlipStream.swiftmodule/arm64-apple-ios.abi.json

Copy /Users/harrisonfarrell/Library/Developer/Xcode/DerivedData/VectorLens-cmecbypnyvqqbwcqspvgkepbizxj/Build/Products/Debug-iphoneos/SlipStream.swiftmodule/Project/arm64-apple-ios.swiftsourceinfo /Users/harrisonfarrell/Library/Developer/Xcode/DerivedData/VectorLens-cmecbypnyvqqbwcqspvgkepbizxj/Build/Intermediates.noindex/SlipStream.build/Debug-iphoneos/SlipStream.build/Objects-normal/arm64/SlipStream.swiftsourceinfo (in target 'SlipStream' from project 'SlipStream')
    cd /Users/harrisonfarrell/Desktop/IB/embeddingios/SlipStream
    builtin-copy -exclude .DS_Store -exclude CVS -exclude .svn -exclude .git -exclude .hg -resolve-src-symlinks -rename /Users/harrisonfarrell/Library/Developer/Xcode/DerivedData/VectorLens-cmecbypnyvqqbwcqspvgkepbizxj/Build/Intermediates.noindex/SlipStream.build/Debug-iphoneos/SlipStream.build/Objects-normal/arm64/SlipStream.swiftsourceinfo /Users/harrisonfarrell/Library/Developer/Xcode/DerivedData/VectorLens-cmecbypnyvqqbwcqspvgkepbizxj/Build/Products/Debug-iphoneos/SlipStream.swiftmodule/Project/arm64-apple-ios.swiftsourceinfo

SwiftDriver VectorLens normal arm64 com.apple.xcode.tools.swift.compiler (in target 'VectorLens' from project 'VectorLens')
    cd /Users/harrisonfarrell/Desktop/IB/embeddingios
    builtin-SwiftDriver -- /Applications/Xcode.app/Contents/Developer/Toolchains/XcodeDefault.xctoolchain/usr/bin/swiftc -module-name VectorLens -Onone -enforce-exclusivity\=checked @/Users/harrisonfarrell/Library/Developer/Xcode/DerivedData/VectorLens-cmecbypnyvqqbwcqspvgkepbizxj/Build/Intermediates.noindex/VectorLens.build/Debug-iphoneos/VectorLens.build/Objects-normal/arm64/VectorLens.SwiftFileList -DDEBUG -Xcc -fmodule-map-file\=/Users/harrisonfarrell/Library/Developer/Xcode/DerivedData/VectorLens-cmecbypnyvqqbwcqspvgkepbizxj/Build/Intermediates.noindex/GeneratedModuleMaps-iphoneos/CSlipStream.modulemap -enable-bare-slash-regex -enable-experimental-feature DebugDescriptionMacro -sdk /Applications/Xcode.app/Contents/Developer/Platforms/iPhoneOS.platform/Developer/SDKs/iPhoneOS26.1.sdk -target arm64-apple-ios16.0 -g -module-cache-path /Users/harrisonfarrell/Library/Developer/Xcode/DerivedData/ModuleCache.noindex -Xfrontend -serialize-debugging-options -enable-testing -index-store-path /Users/harrisonfarrell/Library/Developer/Xcode/DerivedData/VectorLens-cmecbypnyvqqbwcqspvgkepbizxj/Index.noindex/DataStore -Xcc -D_LIBCPP_HARDENING_MODE\=_LIBCPP_HARDENING_MODE_DEBUG -swift-version 5 -I /Users/harrisonfarrell/Library/Developer/Xcode/DerivedData/VectorLens-cmecbypnyvqqbwcqspvgkepbizxj/Build/Products/Debug-iphoneos -F /Users/harrisonfarrell/Library/Developer/Xcode/DerivedData/VectorLens-cmecbypnyvqqbwcqspvgkepbizxj/Build/Products/Debug-iphoneos/PackageFrameworks -F /Users/harrisonfarrell/Library/Developer/Xcode/DerivedData/VectorLens-cmecbypnyvqqbwcqspvgkepbizxj/Build/Products/Debug-iphoneos/PackageFrameworks -F /Users/harrisonfarrell/Library/Developer/Xcode/DerivedData/VectorLens-cmecbypnyvqqbwcqspvgkepbizxj/Build/Products/Debug-iphoneos -c -j10 -enable-batch-mode -incremental -Xcc -ivfsstatcache -Xcc /Users/harrisonfarrell/Library/Developer/Xcode/DerivedData/SDKStatCaches.noindex/iphoneos26.1-23B77-3885c01c3e6b6a337905948deab2002e69b33fc7382b27d9b5d46e82a00f8e78.sdkstatcache -output-file-map /Users/harrisonfarrell/Library/Developer/Xcode/DerivedData/VectorLens-cmecbypnyvqqbwcqspvgkepbizxj/Build/Intermediates.noindex/VectorLens.build/Debug-iphoneos/VectorLens.build/Objects-normal/arm64/VectorLens-OutputFileMap.json -use-frontend-parseable-output -save-temps -no-color-diagnostics -explicit-module-build -module-cache-path /Users/harrisonfarrell/Library/Developer/Xcode/DerivedData/VectorLens-cmecbypnyvqqbwcqspvgkepbizxj/Build/Intermediates.noindex/SwiftExplicitPrecompiledModules -clang-scanner-module-cache-path /Users/harrisonfarrell/Library/Developer/Xcode/DerivedData/ModuleCache.noindex -sdk-module-cache-path /Users/harrisonfarrell/Library/Developer/Xcode/DerivedData/ModuleCache.noindex -serialize-diagnostics -emit-dependencies -emit-module -emit-module-path /Users/harrisonfarrell/Library/Developer/Xcode/DerivedData/VectorLens-cmecbypnyvqqbwcqspvgkepbizxj/Build/Intermediates.noindex/VectorLens.build/Debug-iphoneos/VectorLens.build/Objects-normal/arm64/VectorLens.swiftmodule -validate-clang-modules-once -clang-build-session-file /Users/harrisonfarrell/Library/Developer/Xcode/DerivedData/ModuleCache.noindex/Session.modulevalidation -Xcc -I/Users/harrisonfarrell/Library/Developer/Xcode/DerivedData/VectorLens-cmecbypnyvqqbwcqspvgkepbizxj/Build/Intermediates.noindex/VectorLens.build/Debug-iphoneos/VectorLens.build/swift-overrides.hmap -emit-const-values -Xfrontend -const-gather-protocols-file -Xfrontend /Users/harrisonfarrell/Library/Developer/Xcode/DerivedData/VectorLens-cmecbypnyvqqbwcqspvgkepbizxj/Build/Intermediates.noindex/VectorLens.build/Debug-iphoneos/VectorLens.build/Objects-normal/arm64/VectorLens_const_extract_protocols.json -Xcc -iquote -Xcc /Users/harrisonfarrell/Library/Developer/Xcode/DerivedData/VectorLens-cmecbypnyvqqbwcqspvgkepbizxj/Build/Intermediates.noindex/VectorLens.build/Debug-iphoneos/VectorLens.build/VectorLens-generated-files.hmap -Xcc -I/Users/harrisonfarrell/Library/Developer/Xcode/DerivedData/VectorLens-cmecbypnyvqqbwcqspvgkepbizxj/Build/Intermediates.noindex/VectorLens.build/Debug-iphoneos/VectorLens.build/VectorLens-own-target-headers.hmap -Xcc -I/Users/harrisonfarrell/Library/Developer/Xcode/DerivedData/VectorLens-cmecbypnyvqqbwcqspvgkepbizxj/Build/Intermediates.noindex/VectorLens.build/Debug-iphoneos/VectorLens.build/VectorLens-all-non-framework-target-headers.hmap -Xcc -ivfsoverlay -Xcc /Users/harrisonfarrell/Library/Developer/Xcode/DerivedData/VectorLens-cmecbypnyvqqbwcqspvgkepbizxj/Build/Intermediates.noindex/VectorLens.build/Debug-iphoneos/VectorLens-dee2489bab82789a9556d24f1d03c06e-VFS-iphoneos/all-product-headers.yaml -Xcc -iquote -Xcc /Users/harrisonfarrell/Library/Developer/Xcode/DerivedData/VectorLens-cmecbypnyvqqbwcqspvgkepbizxj/Build/Intermediates.noindex/VectorLens.build/Debug-iphoneos/VectorLens.build/VectorLens-project-headers.hmap -Xcc -I/Users/harrisonfarrell/Desktop/IB/embeddingios/SlipStream/include -Xcc -I/Users/harrisonfarrell/Library/Developer/Xcode/DerivedData/VectorLens-cmecbypnyvqqbwcqspvgkepbizxj/Build/Products/Debug-iphoneos/include -Xcc -I/Users/harrisonfarrell/Library/Developer/Xcode/DerivedData/VectorLens-cmecbypnyvqqbwcqspvgkepbizxj/Build/Intermediates.noindex/VectorLens.build/Debug-iphoneos/VectorLens.build/DerivedSources-normal/arm64 -Xcc -I/Users/harrisonfarrell/Library/Developer/Xcode/DerivedData/VectorLens-cmecbypnyvqqbwcqspvgkepbizxj/Build/Intermediates.noindex/VectorLens.build/Debug-iphoneos/VectorLens.build/DerivedSources/arm64 -Xcc -I/Users/harrisonfarrell/Library/Developer/Xcode/DerivedData/VectorLens-cmecbypnyvqqbwcqspvgkepbizxj/Build/Intermediates.noindex/VectorLens.build/Debug-iphoneos/VectorLens.build/DerivedSources -Xcc -DDEBUG\=1 -emit-objc-header -emit-objc-header-path /Users/harrisonfarrell/Library/Developer/Xcode/DerivedData/VectorLens-cmecbypnyvqqbwcqspvgkepbizxj/Build/Intermediates.noindex/VectorLens.build/Debug-iphoneos/VectorLens.build/Objects-normal/arm64/VectorLens-Swift.h -working-directory /Users/harrisonfarrell/Desktop/IB/embeddingios -experimental-emit-module-separately -disable-cmo

LinkAssetCatalog /Users/harrisonfarrell/Desktop/IB/embeddingios/SlipStream/SlipStream/SlipStream/Assets.xcassets (in target 'SlipStream_CSlipStream' from project 'SlipStream')
    cd /Users/harrisonfarrell/Desktop/IB/embeddingios/SlipStream
    builtin-linkAssetCatalog --thinned /Users/harrisonfarrell/Library/Developer/Xcode/DerivedData/VectorLens-cmecbypnyvqqbwcqspvgkepbizxj/Build/Intermediates.noindex/SlipStream.build/Debug-iphoneos/SlipStream_CSlipStream.build/assetcatalog_output/thinned --thinned-dependencies /Users/harrisonfarrell/Library/Developer/Xcode/DerivedData/VectorLens-cmecbypnyvqqbwcqspvgkepbizxj/Build/Intermediates.noindex/SlipStream.build/Debug-iphoneos/SlipStream_CSlipStream.build/assetcatalog_dependencies_thinned --thinned-info-plist-content /Users/harrisonfarrell/Library/Developer/Xcode/DerivedData/VectorLens-cmecbypnyvqqbwcqspvgkepbizxj/Build/Intermediates.noindex/SlipStream.build/Debug-iphoneos/SlipStream_CSlipStream.build/assetcatalog_generated_info.plist_thinned --unthinned /Users/harrisonfarrell/Library/Developer/Xcode/DerivedData/VectorLens-cmecbypnyvqqbwcqspvgkepbizxj/Build/Intermediates.noindex/SlipStream.build/Debug-iphoneos/SlipStream_CSlipStream.build/assetcatalog_output/unthinned --unthinned-dependencies /Users/harrisonfarrell/Library/Developer/Xcode/DerivedData/VectorLens-cmecbypnyvqqbwcqspvgkepbizxj/Build/Intermediates.noindex/SlipStream.build/Debug-iphoneos/SlipStream_CSlipStream.build/assetcatalog_dependencies_unthinned --unthinned-info-plist-content /Users/harrisonfarrell/Library/Developer/Xcode/DerivedData/VectorLens-cmecbypnyvqqbwcqspvgkepbizxj/Build/Intermediates.noindex/SlipStream.build/Debug-iphoneos/SlipStream_CSlipStream.build/assetcatalog_generated_info.plist_unthinned --output /Users/harrisonfarrell/Library/Developer/Xcode/DerivedData/VectorLens-cmecbypnyvqqbwcqspvgkepbizxj/Build/Products/Debug-iphoneos/SlipStream_CSlipStream.bundle --plist-output /Users/harrisonfarrell/Library/Developer/Xcode/DerivedData/VectorLens-cmecbypnyvqqbwcqspvgkepbizxj/Build/Intermediates.noindex/SlipStream.build/Debug-iphoneos/SlipStream_CSlipStream.build/assetcatalog_generated_info.plist

CompileC /Users/harrisonfarrell/Library/Developer/Xcode/DerivedData/VectorLens-cmecbypnyvqqbwcqspvgkepbizxj/Build/Intermediates.noindex/SlipStream.build/Debug-iphoneos/CSlipStream.build/Objects-normal/arm64/SlipStreamVocabValidator.o /Users/harrisonfarrell/Desktop/IB/embeddingios/SlipStream/src/core/SlipStreamVocabValidator.cpp normal arm64 c++ com.apple.compilers.llvm.clang.1_0.compiler (in target 'CSlipStream' from project 'SlipStream')
    cd /Users/harrisonfarrell/Desktop/IB/embeddingios/VectorLens.xcodeproj
    
    Using response file: /Users/harrisonfarrell/Library/Developer/Xcode/DerivedData/VectorLens-cmecbypnyvqqbwcqspvgkepbizxj/Build/Intermediates.noindex/SlipStream.build/Debug-iphoneos/CSlipStream.build/Objects-normal/arm64/82b82416624d2658e5098eb0a28c15c5-common-args.resp
    
    /Applications/Xcode.app/Contents/Developer/Toolchains/XcodeDefault.xctoolchain/usr/bin/clang -x c++ -ivfsstatcache /Users/harrisonfarrell/Library/Developer/Xcode/DerivedData/SDKStatCaches.noindex/iphoneos26.1-23B77-3885c01c3e6b6a337905948deab2002e69b33fc7382b27d9b5d46e82a00f8e78.sdkstatcache -fmessage-length\=0 -fdiagnostics-show-note-include-stack -fmacro-backtrace-limit\=0 -fno-color-diagnostics -fmodules-prune-interval\=86400 -fmodules-prune-after\=345600 -fbuild-session-file\=/Users/harrisonfarrell/Library/Developer/Xcode/DerivedData/ModuleCache.noindex/Session.modulevalidation -fmodules-validate-once-per-build-session -Wnon-modular-include-in-framework-module -Werror\=non-modular-include-in-framework-module -Wno-trigraphs -Wno-missing-field-initializers -Wno-missing-prototypes -Wno-return-type -Wno-non-virtual-dtor -Wno-overloaded-virtual -Wno-exit-time-destructors -Wno-missing-braces -Wparentheses -Wswitch -Wno-unused-function -Wno-unused-label -Wno-unused-parameter -Wno-unused-variable -Wunused-value -Wno-empty-body -Wno-uninitialized -Wno-unknown-pragmas -Wno-shadow -Wno-four-char-constants -Wno-conversion -Wno-constant-conversion -Wno-int-conversion -Wno-bool-conversion -Wno-enum-conversion -Wno-float-conversion -Wno-non-literal-null-conversion -Wno-objc-literal-conversion -Wshorten-64-to-32 -Wno-newline-eof -Wno-c++11-extensions -Wno-implicit-fallthrough -fstrict-aliasing -Wdeprecated-declarations -Winvalid-offsetof -Wno-sign-conversion -Wno-infinite-recursion -Wno-move -Wno-comma -Wno-block-capture-autoreleasing -Wno-strict-prototypes -Wno-range-loop-analysis -Wno-semicolon-before-method-body -index-store-path /Users/harrisonfarrell/Library/Developer/Xcode/DerivedData/VectorLens-cmecbypnyvqqbwcqspvgkepbizxj/Index.noindex/DataStore @/Users/harrisonfarrell/Library/Developer/Xcode/DerivedData/VectorLens-cmecbypnyvqqbwcqspvgkepbizxj/Build/Intermediates.noindex/SlipStream.build/Debug-iphoneos/CSlipStream.build/Objects-normal/arm64/82b82416624d2658e5098eb0a28c15c5-common-args.resp -MMD -MT dependencies -MF /Users/harrisonfarrell/Library/Developer/Xcode/DerivedData/VectorLens-cmecbypnyvqqbwcqspvgkepbizxj/Build/Intermediates.noindex/SlipStream.build/Debug-iphoneos/CSlipStream.build/Objects-normal/arm64/SlipStreamVocabValidator.d --serialize-diagnostics /Users/harrisonfarrell/Library/Developer/Xcode/DerivedData/VectorLens-cmecbypnyvqqbwcqspvgkepbizxj/Build/Intermediates.noindex/SlipStream.build/Debug-iphoneos/CSlipStream.build/Objects-normal/arm64/SlipStreamVocabValidator.dia -c /Users/harrisonfarrell/Desktop/IB/embeddingios/SlipStream/src/core/SlipStreamVocabValidator.cpp -o /Users/harrisonfarrell/Library/Developer/Xcode/DerivedData/VectorLens-cmecbypnyvqqbwcqspvgkepbizxj/Build/Intermediates.noindex/SlipStream.build/Debug-iphoneos/CSlipStream.build/Objects-normal/arm64/SlipStreamVocabValidator.o -index-unit-output-path /SlipStream.build/Debug-iphoneos/CSlipStream.build/Objects-normal/arm64/SlipStreamVocabValidator.o

CompileC /Users/harrisonfarrell/Library/Developer/Xcode/DerivedData/VectorLens-cmecbypnyvqqbwcqspvgkepbizxj/Build/Intermediates.noindex/SlipStream.build/Debug-iphoneos/CSlipStream.build/Objects-normal/arm64/SlipStreamSoftmax.o /Users/harrisonfarrell/Desktop/IB/embeddingios/SlipStream/src/core/SlipStreamSoftmax.cpp normal arm64 c++ com.apple.compilers.llvm.clang.1_0.compiler (in target 'CSlipStream' from project 'SlipStream')
    cd /Users/harrisonfarrell/Desktop/IB/embeddingios/VectorLens.xcodeproj
    
    Using response file: /Users/harrisonfarrell/Library/Developer/Xcode/DerivedData/VectorLens-cmecbypnyvqqbwcqspvgkepbizxj/Build/Intermediates.noindex/SlipStream.build/Debug-iphoneos/CSlipStream.build/Objects-normal/arm64/82b82416624d2658e5098eb0a28c15c5-common-args.resp
    
    /Applications/Xcode.app/Contents/Developer/Toolchains/XcodeDefault.xctoolchain/usr/bin/clang -x c++ -ivfsstatcache /Users/harrisonfarrell/Library/Developer/Xcode/DerivedData/SDKStatCaches.noindex/iphoneos26.1-23B77-3885c01c3e6b6a337905948deab2002e69b33fc7382b27d9b5d46e82a00f8e78.sdkstatcache -fmessage-length\=0 -fdiagnostics-show-note-include-stack -fmacro-backtrace-limit\=0 -fno-color-diagnostics -fmodules-prune-interval\=86400 -fmodules-prune-after\=345600 -fbuild-session-file\=/Users/harrisonfarrell/Library/Developer/Xcode/DerivedData/ModuleCache.noindex/Session.modulevalidation -fmodules-validate-once-per-build-session -Wnon-modular-include-in-framework-module -Werror\=non-modular-include-in-framework-module -Wno-trigraphs -Wno-missing-field-initializers -Wno-missing-prototypes -Wno-return-type -Wno-non-virtual-dtor -Wno-overloaded-virtual -Wno-exit-time-destructors -Wno-missing-braces -Wparentheses -Wswitch -Wno-unused-function -Wno-unused-label -Wno-unused-parameter -Wno-unused-variable -Wunused-value -Wno-empty-body -Wno-uninitialized -Wno-unknown-pragmas -Wno-shadow -Wno-four-char-constants -Wno-conversion -Wno-constant-conversion -Wno-int-conversion -Wno-bool-conversion -Wno-enum-conversion -Wno-float-conversion -Wno-non-literal-null-conversion -Wno-objc-literal-conversion -Wshorten-64-to-32 -Wno-newline-eof -Wno-c++11-extensions -Wno-implicit-fallthrough -fstrict-aliasing -Wdeprecated-declarations -Winvalid-offsetof -Wno-sign-conversion -Wno-infinite-recursion -Wno-move -Wno-comma -Wno-block-capture-autoreleasing -Wno-strict-prototypes -Wno-range-loop-analysis -Wno-semicolon-before-method-body -index-store-path /Users/harrisonfarrell/Library/Developer/Xcode/DerivedData/VectorLens-cmecbypnyvqqbwcqspvgkepbizxj/Index.noindex/DataStore @/Users/harrisonfarrell/Library/Developer/Xcode/DerivedData/VectorLens-cmecbypnyvqqbwcqspvgkepbizxj/Build/Intermediates.noindex/SlipStream.build/Debug-iphoneos/CSlipStream.build/Objects-normal/arm64/82b82416624d2658e5098eb0a28c15c5-common-args.resp -MMD -MT dependencies -MF /Users/harrisonfarrell/Library/Developer/Xcode/DerivedData/VectorLens-cmecbypnyvqqbwcqspvgkepbizxj/Build/Intermediates.noindex/SlipStream.build/Debug-iphoneos/CSlipStream.build/Objects-normal/arm64/SlipStreamSoftmax.d --serialize-diagnostics /Users/harrisonfarrell/Library/Developer/Xcode/DerivedData/VectorLens-cmecbypnyvqqbwcqspvgkepbizxj/Build/Intermediates.noindex/SlipStream.build/Debug-iphoneos/CSlipStream.build/Objects-normal/arm64/SlipStreamSoftmax.dia -c /Users/harrisonfarrell/Desktop/IB/embeddingios/SlipStream/src/core/SlipStreamSoftmax.cpp -o /Users/harrisonfarrell/Library/Developer/Xcode/DerivedData/VectorLens-cmecbypnyvqqbwcqspvgkepbizxj/Build/Intermediates.noindex/SlipStream.build/Debug-iphoneos/CSlipStream.build/Objects-normal/arm64/SlipStreamSoftmax.o -index-unit-output-path /SlipStream.build/Debug-iphoneos/CSlipStream.build/Objects-normal/arm64/SlipStreamSoftmax.o

CompileC /Users/harrisonfarrell/Library/Developer/Xcode/DerivedData/VectorLens-cmecbypnyvqqbwcqspvgkepbizxj/Build/Intermediates.noindex/SlipStream.build/Debug-iphoneos/CSlipStream.build/Objects-normal/arm64/SlipStreamSampling.o /Users/harrisonfarrell/Desktop/IB/embeddingios/SlipStream/src/core/SlipStreamSampling.cpp normal arm64 c++ com.apple.compilers.llvm.clang.1_0.compiler (in target 'CSlipStream' from project 'SlipStream')
    cd /Users/harrisonfarrell/Desktop/IB/embeddingios/VectorLens.xcodeproj
    
    Using response file: /Users/harrisonfarrell/Library/Developer/Xcode/DerivedData/VectorLens-cmecbypnyvqqbwcqspvgkepbizxj/Build/Intermediates.noindex/SlipStream.build/Debug-iphoneos/CSlipStream.build/Objects-normal/arm64/82b82416624d2658e5098eb0a28c15c5-common-args.resp
    
    /Applications/Xcode.app/Contents/Developer/Toolchains/XcodeDefault.xctoolchain/usr/bin/clang -x c++ -ivfsstatcache /Users/harrisonfarrell/Library/Developer/Xcode/DerivedData/SDKStatCaches.noindex/iphoneos26.1-23B77-3885c01c3e6b6a337905948deab2002e69b33fc7382b27d9b5d46e82a00f8e78.sdkstatcache -fmessage-length\=0 -fdiagnostics-show-note-include-stack -fmacro-backtrace-limit\=0 -fno-color-diagnostics -fmodules-prune-interval\=86400 -fmodules-prune-after\=345600 -fbuild-session-file\=/Users/harrisonfarrell/Library/Developer/Xcode/DerivedData/ModuleCache.noindex/Session.modulevalidation -fmodules-validate-once-per-build-session -Wnon-modular-include-in-framework-module -Werror\=non-modular-include-in-framework-module -Wno-trigraphs -Wno-missing-field-initializers -Wno-missing-prototypes -Wno-return-type -Wno-non-virtual-dtor -Wno-overloaded-virtual -Wno-exit-time-destructors -Wno-missing-braces -Wparentheses -Wswitch -Wno-unused-function -Wno-unused-label -Wno-unused-parameter -Wno-unused-variable -Wunused-value -Wno-empty-body -Wno-uninitialized -Wno-unknown-pragmas -Wno-shadow -Wno-four-char-constants -Wno-conversion -Wno-constant-conversion -Wno-int-conversion -Wno-bool-conversion -Wno-enum-conversion -Wno-float-conversion -Wno-non-literal-null-conversion -Wno-objc-literal-conversion -Wshorten-64-to-32 -Wno-newline-eof -Wno-c++11-extensions -Wno-implicit-fallthrough -fstrict-aliasing -Wdeprecated-declarations -Winvalid-offsetof -Wno-sign-conversion -Wno-infinite-recursion -Wno-move -Wno-comma -Wno-block-capture-autoreleasing -Wno-strict-prototypes -Wno-range-loop-analysis -Wno-semicolon-before-method-body -index-store-path /Users/harrisonfarrell/Library/Developer/Xcode/DerivedData/VectorLens-cmecbypnyvqqbwcqspvgkepbizxj/Index.noindex/DataStore @/Users/harrisonfarrell/Library/Developer/Xcode/DerivedData/VectorLens-cmecbypnyvqqbwcqspvgkepbizxj/Build/Intermediates.noindex/SlipStream.build/Debug-iphoneos/CSlipStream.build/Objects-normal/arm64/82b82416624d2658e5098eb0a28c15c5-common-args.resp -MMD -MT dependencies -MF /Users/harrisonfarrell/Library/Developer/Xcode/DerivedData/VectorLens-cmecbypnyvqqbwcqspvgkepbizxj/Build/Intermediates.noindex/SlipStream.build/Debug-iphoneos/CSlipStream.build/Objects-normal/arm64/SlipStreamSampling.d --serialize-diagnostics /Users/harrisonfarrell/Library/Developer/Xcode/DerivedData/VectorLens-cmecbypnyvqqbwcqspvgkepbizxj/Build/Intermediates.noindex/SlipStream.build/Debug-iphoneos/CSlipStream.build/Objects-normal/arm64/SlipStreamSampling.dia -c /Users/harrisonfarrell/Desktop/IB/embeddingios/SlipStream/src/core/SlipStreamSampling.cpp -o /Users/harrisonfarrell/Library/Developer/Xcode/DerivedData/VectorLens-cmecbypnyvqqbwcqspvgkepbizxj/Build/Intermediates.noindex/SlipStream.build/Debug-iphoneos/CSlipStream.build/Objects-normal/arm64/SlipStreamSampling.o -index-unit-output-path /SlipStream.build/Debug-iphoneos/CSlipStream.build/Objects-normal/arm64/SlipStreamSampling.o

** BUILD FAILED **


The following build commands failed:
	SwiftCompile normal arm64 /Users/harrisonfarrell/Desktop/IB/embeddingios/SlipStream/bindings/swift/Sources/SlipStream/SlipStreamStatsTracker.swift (in target 'SlipStream' from project 'SlipStream')
	SwiftCompile normal arm64 Compiling\ SlipStream.swift /Users/harrisonfarrell/Desktop/IB/embeddingios/SlipStream/bindings/swift/Sources/SlipStream/SlipStream.swift (in target 'SlipStream' from project 'SlipStream')
	SwiftCompile normal arm64 /Users/harrisonfarrell/Desktop/IB/embeddingios/SlipStream/bindings/swift/Sources/SlipStream/SlipStream.swift (in target 'SlipStream' from project 'SlipStream')
	Building project VectorLens with scheme VectorLens
(4 failures)
