Command line invocation:
    /Applications/Xcode.app/Contents/Developer/usr/bin/xcodebuild -project VectorLens.xcodeproj -scheme VectorLens -destination "generic/platform=iOS Simulator" build

Resolve Package Graph
Invalid Exclude '/Users/harrisonfarrell/Desktop/IB/embeddingios/SlipStream/.git': File not found.Invalid Exclude '/Users/harrisonfarrell/Desktop/IB/embeddingios/SlipStream/build': File not found.

Resolved source packages:
  SlipStream: /Users/harrisonfarrell/Desktop/IB/embeddingios/SlipStream

2026-03-30 21:40:29.262 xcodebuild[6331:1798128] [MT] IDERunDestination: Supported platforms for the buildables in the current scheme is empty.
ComputePackagePrebuildTargetDependencyGraph

Prepare packages

CreateBuildRequest

SendProjectDescription

CreateBuildOperation

ComputeTargetDependencyGraph
note: Building targets in dependency order
note: Target dependency graph (5 targets)
    Target 'VectorLens' in project 'VectorLens'
        ➜ Explicit dependency on target 'SlipStream' in project 'SlipStream'
    Target 'SlipStream' in project 'SlipStream'
        ➜ Explicit dependency on target 'SlipStream' in project 'SlipStream'
        ➜ Explicit dependency on target 'CSlipStream' in project 'SlipStream'
    Target 'SlipStream' in project 'SlipStream'
        ➜ Explicit dependency on target 'CSlipStream' in project 'SlipStream'
    Target 'CSlipStream' in project 'SlipStream'
        ➜ Explicit dependency on target 'SlipStream_CSlipStream' in project 'SlipStream'
    Target 'SlipStream_CSlipStream' in project 'SlipStream' (no dependencies)

GatherProvisioningInputs

CreateBuildDescription

ExecuteExternalTool /Applications/Xcode.app/Contents/Developer/Toolchains/XcodeDefault.xctoolchain/usr/bin/clang -v -E -dM -isysroot /Applications/Xcode.app/Contents/Developer/Platforms/iPhoneSimulator.platform/Developer/SDKs/iPhoneSimulator26.1.sdk -x c -c /dev/null

ExecuteExternalTool /Applications/Xcode.app/Contents/Developer/usr/bin/ibtool --version --output-format xml1

ExecuteExternalTool /Applications/Xcode.app/Contents/Developer/Toolchains/XcodeDefault.xctoolchain/usr/bin/swiftc --version

ExecuteExternalTool /Applications/Xcode.app/Contents/Developer/Toolchains/XcodeDefault.xctoolchain/usr/bin/clang -v -E -dM -arch arm64 -isysroot /Applications/Xcode.app/Contents/Developer/Platforms/iPhoneSimulator.platform/Developer/SDKs/iPhoneSimulator26.1.sdk -x objective-c -c /dev/null

ExecuteExternalTool /Applications/Xcode.app/Contents/Developer/usr/bin/actool --version --output-format xml1

ExecuteExternalTool /Applications/Xcode.app/Contents/Developer/Toolchains/XcodeDefault.xctoolchain/usr/bin/clang -v -E -dM -arch arm64 -isysroot /Applications/Xcode.app/Contents/Developer/Platforms/iPhoneSimulator.platform/Developer/SDKs/iPhoneSimulator26.1.sdk -x c -c /dev/null

ExecuteExternalTool /Applications/Xcode.app/Contents/Developer/Toolchains/XcodeDefault.xctoolchain/usr/bin/ld -version_details

ExecuteExternalTool /Applications/Xcode.app/Contents/Developer/Toolchains/XcodeDefault.xctoolchain/usr/bin/clang -v -E -dM -arch arm64 -isysroot /Applications/Xcode.app/Contents/Developer/Platforms/iPhoneSimulator.platform/Developer/SDKs/iPhoneSimulator26.1.sdk -x c++ -c /dev/null

ExecuteExternalTool /Applications/Xcode.app/Contents/Developer/Toolchains/XcodeDefault.xctoolchain/usr/bin/clang -v -E -dM -arch x86_64 -isysroot /Applications/Xcode.app/Contents/Developer/Platforms/iPhoneSimulator.platform/Developer/SDKs/iPhoneSimulator26.1.sdk -x objective-c -c /dev/null

ExecuteExternalTool /Applications/Xcode.app/Contents/Developer/Toolchains/XcodeDefault.xctoolchain/usr/bin/clang -v -E -dM -arch x86_64 -isysroot /Applications/Xcode.app/Contents/Developer/Platforms/iPhoneSimulator.platform/Developer/SDKs/iPhoneSimulator26.1.sdk -x c -c /dev/null

ExecuteExternalTool /Applications/Xcode.app/Contents/Developer/Toolchains/XcodeDefault.xctoolchain/usr/bin/clang -v -E -dM -arch x86_64 -isysroot /Applications/Xcode.app/Contents/Developer/Platforms/iPhoneSimulator.platform/Developer/SDKs/iPhoneSimulator26.1.sdk -x c++ -c /dev/null

Build description signature: 9ef5f9a742ad921c64f5ab405cfc3a0d
Build description path: /Users/harrisonfarrell/Library/Developer/Xcode/DerivedData/VectorLens-cmecbypnyvqqbwcqspvgkepbizxj/Build/Intermediates.noindex/XCBuildData/9ef5f9a742ad921c64f5ab405cfc3a0d.xcbuilddata
ClangStatCache /Applications/Xcode.app/Contents/Developer/Toolchains/XcodeDefault.xctoolchain/usr/bin/clang-stat-cache /Applications/Xcode.app/Contents/Developer/Platforms/iPhoneSimulator.platform/Developer/SDKs/iPhoneSimulator26.1.sdk /Users/harrisonfarrell/Library/Developer/Xcode/DerivedData/SDKStatCaches.noindex/iphonesimulator26.1-23B77-3885c01c3e6b6a337905948deab2002e90cf18a4295e390e64c810bc6bd7acbc.sdkstatcache
    cd /Users/harrisonfarrell/Desktop/IB/embeddingios/VectorLens.xcodeproj
    /Applications/Xcode.app/Contents/Developer/Toolchains/XcodeDefault.xctoolchain/usr/bin/clang-stat-cache /Applications/Xcode.app/Contents/Developer/Platforms/iPhoneSimulator.platform/Developer/SDKs/iPhoneSimulator26.1.sdk -o /Users/harrisonfarrell/Library/Developer/Xcode/DerivedData/SDKStatCaches.noindex/iphonesimulator26.1-23B77-3885c01c3e6b6a337905948deab2002e90cf18a4295e390e64c810bc6bd7acbc.sdkstatcache

CreateBuildDirectory /Users/harrisonfarrell/Library/Developer/Xcode/DerivedData/VectorLens-cmecbypnyvqqbwcqspvgkepbizxj/Build/Products
    cd /Users/harrisonfarrell/Desktop/IB/embeddingios/VectorLens.xcodeproj
    builtin-create-build-directory /Users/harrisonfarrell/Library/Developer/Xcode/DerivedData/VectorLens-cmecbypnyvqqbwcqspvgkepbizxj/Build/Products

CreateBuildDirectory /Users/harrisonfarrell/Library/Developer/Xcode/DerivedData/VectorLens-cmecbypnyvqqbwcqspvgkepbizxj/Build/Intermediates.noindex
    cd /Users/harrisonfarrell/Desktop/IB/embeddingios/VectorLens.xcodeproj
    builtin-create-build-directory /Users/harrisonfarrell/Library/Developer/Xcode/DerivedData/VectorLens-cmecbypnyvqqbwcqspvgkepbizxj/Build/Intermediates.noindex

CreateBuildDirectory /Users/harrisonfarrell/Library/Developer/Xcode/DerivedData/VectorLens-cmecbypnyvqqbwcqspvgkepbizxj/Build/Products/Debug-iphonesimulator
    cd /Users/harrisonfarrell/Desktop/IB/embeddingios/VectorLens.xcodeproj
    builtin-create-build-directory /Users/harrisonfarrell/Library/Developer/Xcode/DerivedData/VectorLens-cmecbypnyvqqbwcqspvgkepbizxj/Build/Products/Debug-iphonesimulator

CreateBuildDirectory /Users/harrisonfarrell/Library/Developer/Xcode/DerivedData/VectorLens-cmecbypnyvqqbwcqspvgkepbizxj/Build/Intermediates.noindex/SwiftExplicitPrecompiledModules
    cd /Users/harrisonfarrell/Desktop/IB/embeddingios/VectorLens.xcodeproj
    builtin-create-build-directory /Users/harrisonfarrell/Library/Developer/Xcode/DerivedData/VectorLens-cmecbypnyvqqbwcqspvgkepbizxj/Build/Intermediates.noindex/SwiftExplicitPrecompiledModules

CreateBuildDirectory /Users/harrisonfarrell/Library/Developer/Xcode/DerivedData/VectorLens-cmecbypnyvqqbwcqspvgkepbizxj/Build/Intermediates.noindex/EagerLinkingTBDs/Debug-iphonesimulator
    cd /Users/harrisonfarrell/Desktop/IB/embeddingios/VectorLens.xcodeproj
    builtin-create-build-directory /Users/harrisonfarrell/Library/Developer/Xcode/DerivedData/VectorLens-cmecbypnyvqqbwcqspvgkepbizxj/Build/Intermediates.noindex/EagerLinkingTBDs/Debug-iphonesimulator

CreateBuildDirectory /Users/harrisonfarrell/Library/Developer/Xcode/DerivedData/VectorLens-cmecbypnyvqqbwcqspvgkepbizxj/Build/Intermediates.noindex/ExplicitPrecompiledModules
    cd /Users/harrisonfarrell/Desktop/IB/embeddingios/VectorLens.xcodeproj
    builtin-create-build-directory /Users/harrisonfarrell/Library/Developer/Xcode/DerivedData/VectorLens-cmecbypnyvqqbwcqspvgkepbizxj/Build/Intermediates.noindex/ExplicitPrecompiledModules

WriteAuxiliaryFile /Users/harrisonfarrell/Library/Developer/Xcode/DerivedData/VectorLens-cmecbypnyvqqbwcqspvgkepbizxj/Build/Intermediates.noindex/VectorLens.build/Debug-iphonesimulator/VectorLens-dee2489bab82789a9556d24f1d03c06e-VFS-iphonesimulator/all-product-headers.yaml
    cd /Users/harrisonfarrell/Desktop/IB/embeddingios/VectorLens.xcodeproj
    write-file /Users/harrisonfarrell/Library/Developer/Xcode/DerivedData/VectorLens-cmecbypnyvqqbwcqspvgkepbizxj/Build/Intermediates.noindex/VectorLens.build/Debug-iphonesimulator/VectorLens-dee2489bab82789a9556d24f1d03c06e-VFS-iphonesimulator/all-product-headers.yaml

CreateBuildDirectory /Users/harrisonfarrell/Library/Developer/Xcode/DerivedData/VectorLens-cmecbypnyvqqbwcqspvgkepbizxj/Build/Products/Debug-iphonesimulator/PackageFrameworks
    cd /Users/harrisonfarrell/Desktop/IB/embeddingios/VectorLens.xcodeproj
    builtin-create-build-directory /Users/harrisonfarrell/Library/Developer/Xcode/DerivedData/VectorLens-cmecbypnyvqqbwcqspvgkepbizxj/Build/Products/Debug-iphonesimulator/PackageFrameworks

WriteAuxiliaryFile /Users/harrisonfarrell/Library/Developer/Xcode/DerivedData/VectorLens-cmecbypnyvqqbwcqspvgkepbizxj/Build/Intermediates.noindex/VectorLens.build/Debug-iphonesimulator/VectorLens.build/VectorLens-all-target-headers.hmap (in target 'VectorLens' from project 'VectorLens')
    cd /Users/harrisonfarrell/Desktop/IB/embeddingios
    write-file /Users/harrisonfarrell/Library/Developer/Xcode/DerivedData/VectorLens-cmecbypnyvqqbwcqspvgkepbizxj/Build/Intermediates.noindex/VectorLens.build/Debug-iphonesimulator/VectorLens.build/VectorLens-all-target-headers.hmap

WriteAuxiliaryFile /Users/harrisonfarrell/Library/Developer/Xcode/DerivedData/VectorLens-cmecbypnyvqqbwcqspvgkepbizxj/Build/Intermediates.noindex/VectorLens.build/Debug-iphonesimulator/VectorLens.build/VectorLens-DebugDylibPath-normal-arm64.txt (in target 'VectorLens' from project 'VectorLens')
    cd /Users/harrisonfarrell/Desktop/IB/embeddingios
    write-file /Users/harrisonfarrell/Library/Developer/Xcode/DerivedData/VectorLens-cmecbypnyvqqbwcqspvgkepbizxj/Build/Intermediates.noindex/VectorLens.build/Debug-iphonesimulator/VectorLens.build/VectorLens-DebugDylibPath-normal-arm64.txt

WriteAuxiliaryFile /Users/harrisonfarrell/Library/Developer/Xcode/DerivedData/VectorLens-cmecbypnyvqqbwcqspvgkepbizxj/Build/Intermediates.noindex/VectorLens.build/Debug-iphonesimulator/VectorLens.build/VectorLens.hmap (in target 'VectorLens' from project 'VectorLens')
    cd /Users/harrisonfarrell/Desktop/IB/embeddingios
    write-file /Users/harrisonfarrell/Library/Developer/Xcode/DerivedData/VectorLens-cmecbypnyvqqbwcqspvgkepbizxj/Build/Intermediates.noindex/VectorLens.build/Debug-iphonesimulator/VectorLens.build/VectorLens.hmap

WriteAuxiliaryFile /Users/harrisonfarrell/Library/Developer/Xcode/DerivedData/VectorLens-cmecbypnyvqqbwcqspvgkepbizxj/Build/Intermediates.noindex/VectorLens.build/Debug-iphonesimulator/VectorLens.build/VectorLens-project-headers.hmap (in target 'VectorLens' from project 'VectorLens')
    cd /Users/harrisonfarrell/Desktop/IB/embeddingios
    write-file /Users/harrisonfarrell/Library/Developer/Xcode/DerivedData/VectorLens-cmecbypnyvqqbwcqspvgkepbizxj/Build/Intermediates.noindex/VectorLens.build/Debug-iphonesimulator/VectorLens.build/VectorLens-project-headers.hmap

WriteAuxiliaryFile /Users/harrisonfarrell/Library/Developer/Xcode/DerivedData/VectorLens-cmecbypnyvqqbwcqspvgkepbizxj/Build/Intermediates.noindex/VectorLens.build/Debug-iphonesimulator/VectorLens.build/VectorLens-own-target-headers.hmap (in target 'VectorLens' from project 'VectorLens')
    cd /Users/harrisonfarrell/Desktop/IB/embeddingios
    write-file /Users/harrisonfarrell/Library/Developer/Xcode/DerivedData/VectorLens-cmecbypnyvqqbwcqspvgkepbizxj/Build/Intermediates.noindex/VectorLens.build/Debug-iphonesimulator/VectorLens.build/VectorLens-own-target-headers.hmap

WriteAuxiliaryFile /Users/harrisonfarrell/Library/Developer/Xcode/DerivedData/VectorLens-cmecbypnyvqqbwcqspvgkepbizxj/Build/Intermediates.noindex/VectorLens.build/Debug-iphonesimulator/VectorLens.build/VectorLens-DebugDylibPath-normal-x86_64.txt (in target 'VectorLens' from project 'VectorLens')
    cd /Users/harrisonfarrell/Desktop/IB/embeddingios
    write-file /Users/harrisonfarrell/Library/Developer/Xcode/DerivedData/VectorLens-cmecbypnyvqqbwcqspvgkepbizxj/Build/Intermediates.noindex/VectorLens.build/Debug-iphonesimulator/VectorLens.build/VectorLens-DebugDylibPath-normal-x86_64.txt

WriteAuxiliaryFile /Users/harrisonfarrell/Library/Developer/Xcode/DerivedData/VectorLens-cmecbypnyvqqbwcqspvgkepbizxj/Build/Intermediates.noindex/VectorLens.build/Debug-iphonesimulator/VectorLens.build/VectorLens.DependencyStaticMetadataFileList (in target 'VectorLens' from project 'VectorLens')
    cd /Users/harrisonfarrell/Desktop/IB/embeddingios
    write-file /Users/harrisonfarrell/Library/Developer/Xcode/DerivedData/VectorLens-cmecbypnyvqqbwcqspvgkepbizxj/Build/Intermediates.noindex/VectorLens.build/Debug-iphonesimulator/VectorLens.build/VectorLens.DependencyStaticMetadataFileList

WriteAuxiliaryFile /Users/harrisonfarrell/Library/Developer/Xcode/DerivedData/VectorLens-cmecbypnyvqqbwcqspvgkepbizxj/Build/Intermediates.noindex/VectorLens.build/Debug-iphonesimulator/VectorLens.build/VectorLens-generated-files.hmap (in target 'VectorLens' from project 'VectorLens')
    cd /Users/harrisonfarrell/Desktop/IB/embeddingios
    write-file /Users/harrisonfarrell/Library/Developer/Xcode/DerivedData/VectorLens-cmecbypnyvqqbwcqspvgkepbizxj/Build/Intermediates.noindex/VectorLens.build/Debug-iphonesimulator/VectorLens.build/VectorLens-generated-files.hmap

WriteAuxiliaryFile /Users/harrisonfarrell/Library/Developer/Xcode/DerivedData/VectorLens-cmecbypnyvqqbwcqspvgkepbizxj/Build/Intermediates.noindex/VectorLens.build/Debug-iphonesimulator/VectorLens.build/VectorLens-all-non-framework-target-headers.hmap (in target 'VectorLens' from project 'VectorLens')
    cd /Users/harrisonfarrell/Desktop/IB/embeddingios
    write-file /Users/harrisonfarrell/Library/Developer/Xcode/DerivedData/VectorLens-cmecbypnyvqqbwcqspvgkepbizxj/Build/Intermediates.noindex/VectorLens.build/Debug-iphonesimulator/VectorLens.build/VectorLens-all-non-framework-target-headers.hmap

WriteAuxiliaryFile /Users/harrisonfarrell/Library/Developer/Xcode/DerivedData/VectorLens-cmecbypnyvqqbwcqspvgkepbizxj/Build/Intermediates.noindex/VectorLens.build/Debug-iphonesimulator/VectorLens.build/VectorLens.DependencyMetadataFileList (in target 'VectorLens' from project 'VectorLens')
    cd /Users/harrisonfarrell/Desktop/IB/embeddingios
    write-file /Users/harrisonfarrell/Library/Developer/Xcode/DerivedData/VectorLens-cmecbypnyvqqbwcqspvgkepbizxj/Build/Intermediates.noindex/VectorLens.build/Debug-iphonesimulator/VectorLens.build/VectorLens.DependencyMetadataFileList

WriteAuxiliaryFile /Users/harrisonfarrell/Library/Developer/Xcode/DerivedData/VectorLens-cmecbypnyvqqbwcqspvgkepbizxj/Build/Intermediates.noindex/VectorLens.build/Debug-iphonesimulator/VectorLens.build/VectorLens-DebugDylibInstallName-normal-x86_64.txt (in target 'VectorLens' from project 'VectorLens')
    cd /Users/harrisonfarrell/Desktop/IB/embeddingios
    write-file /Users/harrisonfarrell/Library/Developer/Xcode/DerivedData/VectorLens-cmecbypnyvqqbwcqspvgkepbizxj/Build/Intermediates.noindex/VectorLens.build/Debug-iphonesimulator/VectorLens.build/VectorLens-DebugDylibInstallName-normal-x86_64.txt

WriteAuxiliaryFile /Users/harrisonfarrell/Library/Developer/Xcode/DerivedData/VectorLens-cmecbypnyvqqbwcqspvgkepbizxj/Build/Intermediates.noindex/VectorLens.build/Debug-iphonesimulator/VectorLens.build/VectorLens-DebugDylibInstallName-normal-arm64.txt (in target 'VectorLens' from project 'VectorLens')
    cd /Users/harrisonfarrell/Desktop/IB/embeddingios
    write-file /Users/harrisonfarrell/Library/Developer/Xcode/DerivedData/VectorLens-cmecbypnyvqqbwcqspvgkepbizxj/Build/Intermediates.noindex/VectorLens.build/Debug-iphonesimulator/VectorLens.build/VectorLens-DebugDylibInstallName-normal-arm64.txt

WriteAuxiliaryFile /Users/harrisonfarrell/Library/Developer/Xcode/DerivedData/VectorLens-cmecbypnyvqqbwcqspvgkepbizxj/Build/Intermediates.noindex/VectorLens.build/Debug-iphonesimulator/VectorLens.build/Objects-normal/x86_64/VectorLens.SwiftFileList (in target 'VectorLens' from project 'VectorLens')
    cd /Users/harrisonfarrell/Desktop/IB/embeddingios
    write-file /Users/harrisonfarrell/Library/Developer/Xcode/DerivedData/VectorLens-cmecbypnyvqqbwcqspvgkepbizxj/Build/Intermediates.noindex/VectorLens.build/Debug-iphonesimulator/VectorLens.build/Objects-normal/x86_64/VectorLens.SwiftFileList

WriteAuxiliaryFile /Users/harrisonfarrell/Library/Developer/Xcode/DerivedData/VectorLens-cmecbypnyvqqbwcqspvgkepbizxj/Build/Intermediates.noindex/VectorLens.build/Debug-iphonesimulator/VectorLens.build/Objects-normal/x86_64/VectorLens.SwiftConstValuesFileList (in target 'VectorLens' from project 'VectorLens')
    cd /Users/harrisonfarrell/Desktop/IB/embeddingios
    write-file /Users/harrisonfarrell/Library/Developer/Xcode/DerivedData/VectorLens-cmecbypnyvqqbwcqspvgkepbizxj/Build/Intermediates.noindex/VectorLens.build/Debug-iphonesimulator/VectorLens.build/Objects-normal/x86_64/VectorLens.SwiftConstValuesFileList

WriteAuxiliaryFile /Users/harrisonfarrell/Library/Developer/Xcode/DerivedData/VectorLens-cmecbypnyvqqbwcqspvgkepbizxj/Build/Intermediates.noindex/VectorLens.build/Debug-iphonesimulator/VectorLens.build/Objects-normal/x86_64/VectorLens_const_extract_protocols.json (in target 'VectorLens' from project 'VectorLens')
    cd /Users/harrisonfarrell/Desktop/IB/embeddingios
    write-file /Users/harrisonfarrell/Library/Developer/Xcode/DerivedData/VectorLens-cmecbypnyvqqbwcqspvgkepbizxj/Build/Intermediates.noindex/VectorLens.build/Debug-iphonesimulator/VectorLens.build/Objects-normal/x86_64/VectorLens_const_extract_protocols.json

WriteAuxiliaryFile /Users/harrisonfarrell/Library/Developer/Xcode/DerivedData/VectorLens-cmecbypnyvqqbwcqspvgkepbizxj/Build/Intermediates.noindex/VectorLens.build/Debug-iphonesimulator/VectorLens.build/Objects-normal/x86_64/VectorLens.LinkFileList (in target 'VectorLens' from project 'VectorLens')
    cd /Users/harrisonfarrell/Desktop/IB/embeddingios
    write-file /Users/harrisonfarrell/Library/Developer/Xcode/DerivedData/VectorLens-cmecbypnyvqqbwcqspvgkepbizxj/Build/Intermediates.noindex/VectorLens.build/Debug-iphonesimulator/VectorLens.build/Objects-normal/x86_64/VectorLens.LinkFileList

WriteAuxiliaryFile /Users/harrisonfarrell/Library/Developer/Xcode/DerivedData/VectorLens-cmecbypnyvqqbwcqspvgkepbizxj/Build/Intermediates.noindex/VectorLens.build/Debug-iphonesimulator/VectorLens.build/Objects-normal/x86_64/VectorLens-OutputFileMap.json (in target 'VectorLens' from project 'VectorLens')
    cd /Users/harrisonfarrell/Desktop/IB/embeddingios
    write-file /Users/harrisonfarrell/Library/Developer/Xcode/DerivedData/VectorLens-cmecbypnyvqqbwcqspvgkepbizxj/Build/Intermediates.noindex/VectorLens.build/Debug-iphonesimulator/VectorLens.build/Objects-normal/x86_64/VectorLens-OutputFileMap.json

WriteAuxiliaryFile /Users/harrisonfarrell/Library/Developer/Xcode/DerivedData/VectorLens-cmecbypnyvqqbwcqspvgkepbizxj/Build/Intermediates.noindex/VectorLens.build/Debug-iphonesimulator/VectorLens.build/Objects-normal/arm64/VectorLens_const_extract_protocols.json (in target 'VectorLens' from project 'VectorLens')
    cd /Users/harrisonfarrell/Desktop/IB/embeddingios
    write-file /Users/harrisonfarrell/Library/Developer/Xcode/DerivedData/VectorLens-cmecbypnyvqqbwcqspvgkepbizxj/Build/Intermediates.noindex/VectorLens.build/Debug-iphonesimulator/VectorLens.build/Objects-normal/arm64/VectorLens_const_extract_protocols.json

WriteAuxiliaryFile /Users/harrisonfarrell/Library/Developer/Xcode/DerivedData/VectorLens-cmecbypnyvqqbwcqspvgkepbizxj/Build/Intermediates.noindex/VectorLens.build/Debug-iphonesimulator/VectorLens.build/Objects-normal/arm64/VectorLens.SwiftFileList (in target 'VectorLens' from project 'VectorLens')
    cd /Users/harrisonfarrell/Desktop/IB/embeddingios
    write-file /Users/harrisonfarrell/Library/Developer/Xcode/DerivedData/VectorLens-cmecbypnyvqqbwcqspvgkepbizxj/Build/Intermediates.noindex/VectorLens.build/Debug-iphonesimulator/VectorLens.build/Objects-normal/arm64/VectorLens.SwiftFileList

WriteAuxiliaryFile /Users/harrisonfarrell/Library/Developer/Xcode/DerivedData/VectorLens-cmecbypnyvqqbwcqspvgkepbizxj/Build/Intermediates.noindex/VectorLens.build/Debug-iphonesimulator/VectorLens.build/Objects-normal/arm64/VectorLens.SwiftConstValuesFileList (in target 'VectorLens' from project 'VectorLens')
    cd /Users/harrisonfarrell/Desktop/IB/embeddingios
    write-file /Users/harrisonfarrell/Library/Developer/Xcode/DerivedData/VectorLens-cmecbypnyvqqbwcqspvgkepbizxj/Build/Intermediates.noindex/VectorLens.build/Debug-iphonesimulator/VectorLens.build/Objects-normal/arm64/VectorLens.SwiftConstValuesFileList

WriteAuxiliaryFile /Users/harrisonfarrell/Library/Developer/Xcode/DerivedData/VectorLens-cmecbypnyvqqbwcqspvgkepbizxj/Build/Intermediates.noindex/VectorLens.build/Debug-iphonesimulator/VectorLens.build/Objects-normal/arm64/VectorLens.LinkFileList (in target 'VectorLens' from project 'VectorLens')
    cd /Users/harrisonfarrell/Desktop/IB/embeddingios
    write-file /Users/harrisonfarrell/Library/Developer/Xcode/DerivedData/VectorLens-cmecbypnyvqqbwcqspvgkepbizxj/Build/Intermediates.noindex/VectorLens.build/Debug-iphonesimulator/VectorLens.build/Objects-normal/arm64/VectorLens.LinkFileList

WriteAuxiliaryFile /Users/harrisonfarrell/Library/Developer/Xcode/DerivedData/VectorLens-cmecbypnyvqqbwcqspvgkepbizxj/Build/Intermediates.noindex/VectorLens.build/Debug-iphonesimulator/VectorLens.build/Objects-normal/arm64/VectorLens-OutputFileMap.json (in target 'VectorLens' from project 'VectorLens')
    cd /Users/harrisonfarrell/Desktop/IB/embeddingios
    write-file /Users/harrisonfarrell/Library/Developer/Xcode/DerivedData/VectorLens-cmecbypnyvqqbwcqspvgkepbizxj/Build/Intermediates.noindex/VectorLens.build/Debug-iphonesimulator/VectorLens.build/Objects-normal/arm64/VectorLens-OutputFileMap.json

WriteAuxiliaryFile /Users/harrisonfarrell/Library/Developer/Xcode/DerivedData/VectorLens-cmecbypnyvqqbwcqspvgkepbizxj/Build/Intermediates.noindex/VectorLens.build/Debug-iphonesimulator/VectorLens.build/DerivedSources/Entitlements-Simulated.plist (in target 'VectorLens' from project 'VectorLens')
    cd /Users/harrisonfarrell/Desktop/IB/embeddingios
    write-file /Users/harrisonfarrell/Library/Developer/Xcode/DerivedData/VectorLens-cmecbypnyvqqbwcqspvgkepbizxj/Build/Intermediates.noindex/VectorLens.build/Debug-iphonesimulator/VectorLens.build/DerivedSources/Entitlements-Simulated.plist

WriteAuxiliaryFile /Users/harrisonfarrell/Library/Developer/Xcode/DerivedData/VectorLens-cmecbypnyvqqbwcqspvgkepbizxj/Build/Intermediates.noindex/SlipStream.build/Debug-iphonesimulator/SlipStream_CSlipStream.build/empty-SlipStream_CSlipStream.plist (in target 'SlipStream_CSlipStream' from project 'SlipStream')
    cd /Users/harrisonfarrell/Desktop/IB/embeddingios/SlipStream
    write-file /Users/harrisonfarrell/Library/Developer/Xcode/DerivedData/VectorLens-cmecbypnyvqqbwcqspvgkepbizxj/Build/Intermediates.noindex/SlipStream.build/Debug-iphonesimulator/SlipStream_CSlipStream.build/empty-SlipStream_CSlipStream.plist

WriteAuxiliaryFile /Users/harrisonfarrell/Library/Developer/Xcode/DerivedData/VectorLens-cmecbypnyvqqbwcqspvgkepbizxj/Build/Intermediates.noindex/SlipStream.build/Debug-iphonesimulator/SlipStream_CSlipStream.build/SlipStream_CSlipStream.DependencyStaticMetadataFileList (in target 'SlipStream_CSlipStream' from project 'SlipStream')
    cd /Users/harrisonfarrell/Desktop/IB/embeddingios/SlipStream
    write-file /Users/harrisonfarrell/Library/Developer/Xcode/DerivedData/VectorLens-cmecbypnyvqqbwcqspvgkepbizxj/Build/Intermediates.noindex/SlipStream.build/Debug-iphonesimulator/SlipStream_CSlipStream.build/SlipStream_CSlipStream.DependencyStaticMetadataFileList

WriteAuxiliaryFile /Users/harrisonfarrell/Library/Developer/Xcode/DerivedData/VectorLens-cmecbypnyvqqbwcqspvgkepbizxj/Build/Intermediates.noindex/SlipStream.build/Debug-iphonesimulator/SlipStream_CSlipStream.build/SlipStream_CSlipStream.DependencyMetadataFileList (in target 'SlipStream_CSlipStream' from project 'SlipStream')
    cd /Users/harrisonfarrell/Desktop/IB/embeddingios/SlipStream
    write-file /Users/harrisonfarrell/Library/Developer/Xcode/DerivedData/VectorLens-cmecbypnyvqqbwcqspvgkepbizxj/Build/Intermediates.noindex/SlipStream.build/Debug-iphonesimulator/SlipStream_CSlipStream.build/SlipStream_CSlipStream.DependencyMetadataFileList

WriteAuxiliaryFile /Users/harrisonfarrell/Library/Developer/Xcode/DerivedData/VectorLens-cmecbypnyvqqbwcqspvgkepbizxj/Build/Intermediates.noindex/SlipStream.build/Debug-iphonesimulator/SlipStream.build/SlipStream.modulemap (in target 'SlipStream' from project 'SlipStream')
    cd /Users/harrisonfarrell/Desktop/IB/embeddingios/SlipStream
    write-file /Users/harrisonfarrell/Library/Developer/Xcode/DerivedData/VectorLens-cmecbypnyvqqbwcqspvgkepbizxj/Build/Intermediates.noindex/SlipStream.build/Debug-iphonesimulator/SlipStream.build/SlipStream.modulemap

WriteAuxiliaryFile /Users/harrisonfarrell/Library/Developer/Xcode/DerivedData/VectorLens-cmecbypnyvqqbwcqspvgkepbizxj/Build/Intermediates.noindex/SlipStream.build/Debug-iphonesimulator/SlipStream.build/SlipStream.DependencyStaticMetadataFileList (in target 'SlipStream' from project 'SlipStream')
    cd /Users/harrisonfarrell/Desktop/IB/embeddingios/SlipStream
    write-file /Users/harrisonfarrell/Library/Developer/Xcode/DerivedData/VectorLens-cmecbypnyvqqbwcqspvgkepbizxj/Build/Intermediates.noindex/SlipStream.build/Debug-iphonesimulator/SlipStream.build/SlipStream.DependencyStaticMetadataFileList

WriteAuxiliaryFile /Users/harrisonfarrell/Library/Developer/Xcode/DerivedData/VectorLens-cmecbypnyvqqbwcqspvgkepbizxj/Build/Intermediates.noindex/SlipStream.build/Debug-iphonesimulator/SlipStream.build/SlipStream.DependencyMetadataFileList (in target 'SlipStream' from project 'SlipStream')
    cd /Users/harrisonfarrell/Desktop/IB/embeddingios/SlipStream
    write-file /Users/harrisonfarrell/Library/Developer/Xcode/DerivedData/VectorLens-cmecbypnyvqqbwcqspvgkepbizxj/Build/Intermediates.noindex/SlipStream.build/Debug-iphonesimulator/SlipStream.build/SlipStream.DependencyMetadataFileList

WriteAuxiliaryFile /Users/harrisonfarrell/Library/Developer/Xcode/DerivedData/VectorLens-cmecbypnyvqqbwcqspvgkepbizxj/Build/Intermediates.noindex/SlipStream.build/Debug-iphonesimulator/SlipStream.build/Objects-normal/x86_64/SlipStream_const_extract_protocols.json (in target 'SlipStream' from project 'SlipStream')
    cd /Users/harrisonfarrell/Desktop/IB/embeddingios/SlipStream
    write-file /Users/harrisonfarrell/Library/Developer/Xcode/DerivedData/VectorLens-cmecbypnyvqqbwcqspvgkepbizxj/Build/Intermediates.noindex/SlipStream.build/Debug-iphonesimulator/SlipStream.build/Objects-normal/x86_64/SlipStream_const_extract_protocols.json

WriteAuxiliaryFile /Users/harrisonfarrell/Library/Developer/Xcode/DerivedData/VectorLens-cmecbypnyvqqbwcqspvgkepbizxj/Build/Intermediates.noindex/SlipStream.build/Debug-iphonesimulator/SlipStream.build/Objects-normal/x86_64/SlipStream.SwiftFileList (in target 'SlipStream' from project 'SlipStream')
    cd /Users/harrisonfarrell/Desktop/IB/embeddingios/SlipStream
    write-file /Users/harrisonfarrell/Library/Developer/Xcode/DerivedData/VectorLens-cmecbypnyvqqbwcqspvgkepbizxj/Build/Intermediates.noindex/SlipStream.build/Debug-iphonesimulator/SlipStream.build/Objects-normal/x86_64/SlipStream.SwiftFileList

WriteAuxiliaryFile /Users/harrisonfarrell/Library/Developer/Xcode/DerivedData/VectorLens-cmecbypnyvqqbwcqspvgkepbizxj/Build/Intermediates.noindex/SlipStream.build/Debug-iphonesimulator/SlipStream.build/Objects-normal/x86_64/SlipStream.SwiftConstValuesFileList (in target 'SlipStream' from project 'SlipStream')
    cd /Users/harrisonfarrell/Desktop/IB/embeddingios/SlipStream
    write-file /Users/harrisonfarrell/Library/Developer/Xcode/DerivedData/VectorLens-cmecbypnyvqqbwcqspvgkepbizxj/Build/Intermediates.noindex/SlipStream.build/Debug-iphonesimulator/SlipStream.build/Objects-normal/x86_64/SlipStream.SwiftConstValuesFileList

WriteAuxiliaryFile /Users/harrisonfarrell/Library/Developer/Xcode/DerivedData/VectorLens-cmecbypnyvqqbwcqspvgkepbizxj/Build/Intermediates.noindex/SlipStream.build/Debug-iphonesimulator/SlipStream.build/Objects-normal/x86_64/SlipStream.LinkFileList (in target 'SlipStream' from project 'SlipStream')
    cd /Users/harrisonfarrell/Desktop/IB/embeddingios/SlipStream
    write-file /Users/harrisonfarrell/Library/Developer/Xcode/DerivedData/VectorLens-cmecbypnyvqqbwcqspvgkepbizxj/Build/Intermediates.noindex/SlipStream.build/Debug-iphonesimulator/SlipStream.build/Objects-normal/x86_64/SlipStream.LinkFileList

WriteAuxiliaryFile /Users/harrisonfarrell/Library/Developer/Xcode/DerivedData/VectorLens-cmecbypnyvqqbwcqspvgkepbizxj/Build/Intermediates.noindex/SlipStream.build/Debug-iphonesimulator/SlipStream.build/Objects-normal/x86_64/SlipStream-OutputFileMap.json (in target 'SlipStream' from project 'SlipStream')
    cd /Users/harrisonfarrell/Desktop/IB/embeddingios/SlipStream
    write-file /Users/harrisonfarrell/Library/Developer/Xcode/DerivedData/VectorLens-cmecbypnyvqqbwcqspvgkepbizxj/Build/Intermediates.noindex/SlipStream.build/Debug-iphonesimulator/SlipStream.build/Objects-normal/x86_64/SlipStream-OutputFileMap.json

WriteAuxiliaryFile /Users/harrisonfarrell/Library/Developer/Xcode/DerivedData/VectorLens-cmecbypnyvqqbwcqspvgkepbizxj/Build/Intermediates.noindex/SlipStream.build/Debug-iphonesimulator/SlipStream.build/Objects-normal/arm64/SlipStream_const_extract_protocols.json (in target 'SlipStream' from project 'SlipStream')
    cd /Users/harrisonfarrell/Desktop/IB/embeddingios/SlipStream
    write-file /Users/harrisonfarrell/Library/Developer/Xcode/DerivedData/VectorLens-cmecbypnyvqqbwcqspvgkepbizxj/Build/Intermediates.noindex/SlipStream.build/Debug-iphonesimulator/SlipStream.build/Objects-normal/arm64/SlipStream_const_extract_protocols.json

WriteAuxiliaryFile /Users/harrisonfarrell/Library/Developer/Xcode/DerivedData/VectorLens-cmecbypnyvqqbwcqspvgkepbizxj/Build/Intermediates.noindex/SlipStream.build/Debug-iphonesimulator/SlipStream.build/Objects-normal/arm64/SlipStream.SwiftFileList (in target 'SlipStream' from project 'SlipStream')
    cd /Users/harrisonfarrell/Desktop/IB/embeddingios/SlipStream
    write-file /Users/harrisonfarrell/Library/Developer/Xcode/DerivedData/VectorLens-cmecbypnyvqqbwcqspvgkepbizxj/Build/Intermediates.noindex/SlipStream.build/Debug-iphonesimulator/SlipStream.build/Objects-normal/arm64/SlipStream.SwiftFileList

WriteAuxiliaryFile /Users/harrisonfarrell/Library/Developer/Xcode/DerivedData/VectorLens-cmecbypnyvqqbwcqspvgkepbizxj/Build/Intermediates.noindex/SlipStream.build/Debug-iphonesimulator/SlipStream.build/Objects-normal/arm64/SlipStream.SwiftConstValuesFileList (in target 'SlipStream' from project 'SlipStream')
    cd /Users/harrisonfarrell/Desktop/IB/embeddingios/SlipStream
    write-file /Users/harrisonfarrell/Library/Developer/Xcode/DerivedData/VectorLens-cmecbypnyvqqbwcqspvgkepbizxj/Build/Intermediates.noindex/SlipStream.build/Debug-iphonesimulator/SlipStream.build/Objects-normal/arm64/SlipStream.SwiftConstValuesFileList

WriteAuxiliaryFile /Users/harrisonfarrell/Library/Developer/Xcode/DerivedData/VectorLens-cmecbypnyvqqbwcqspvgkepbizxj/Build/Intermediates.noindex/SlipStream.build/Debug-iphonesimulator/SlipStream.build/Objects-normal/arm64/SlipStream.LinkFileList (in target 'SlipStream' from project 'SlipStream')
    cd /Users/harrisonfarrell/Desktop/IB/embeddingios/SlipStream
    write-file /Users/harrisonfarrell/Library/Developer/Xcode/DerivedData/VectorLens-cmecbypnyvqqbwcqspvgkepbizxj/Build/Intermediates.noindex/SlipStream.build/Debug-iphonesimulator/SlipStream.build/Objects-normal/arm64/SlipStream.LinkFileList

WriteAuxiliaryFile /Users/harrisonfarrell/Library/Developer/Xcode/DerivedData/VectorLens-cmecbypnyvqqbwcqspvgkepbizxj/Build/Intermediates.noindex/SlipStream.build/Debug-iphonesimulator/SlipStream.build/Objects-normal/arm64/SlipStream-OutputFileMap.json (in target 'SlipStream' from project 'SlipStream')
    cd /Users/harrisonfarrell/Desktop/IB/embeddingios/SlipStream
    write-file /Users/harrisonfarrell/Library/Developer/Xcode/DerivedData/VectorLens-cmecbypnyvqqbwcqspvgkepbizxj/Build/Intermediates.noindex/SlipStream.build/Debug-iphonesimulator/SlipStream.build/Objects-normal/arm64/SlipStream-OutputFileMap.json

Copy /Users/harrisonfarrell/Library/Developer/Xcode/DerivedData/VectorLens-cmecbypnyvqqbwcqspvgkepbizxj/Build/Intermediates.noindex/GeneratedModuleMaps-iphonesimulator/SlipStream.modulemap /Users/harrisonfarrell/Library/Developer/Xcode/DerivedData/VectorLens-cmecbypnyvqqbwcqspvgkepbizxj/Build/Intermediates.noindex/SlipStream.build/Debug-iphonesimulator/SlipStream.build/SlipStream.modulemap (in target 'SlipStream' from project 'SlipStream')
    cd /Users/harrisonfarrell/Desktop/IB/embeddingios/SlipStream
    builtin-copy -exclude .DS_Store -exclude CVS -exclude .svn -exclude .git -exclude .hg -resolve-src-symlinks /Users/harrisonfarrell/Library/Developer/Xcode/DerivedData/VectorLens-cmecbypnyvqqbwcqspvgkepbizxj/Build/Intermediates.noindex/SlipStream.build/Debug-iphonesimulator/SlipStream.build/SlipStream.modulemap /Users/harrisonfarrell/Library/Developer/Xcode/DerivedData/VectorLens-cmecbypnyvqqbwcqspvgkepbizxj/Build/Intermediates.noindex/GeneratedModuleMaps-iphonesimulator

WriteAuxiliaryFile /Users/harrisonfarrell/Library/Developer/Xcode/DerivedData/VectorLens-cmecbypnyvqqbwcqspvgkepbizxj/Build/Intermediates.noindex/SlipStream.build/Debug-iphonesimulator/CSlipStream.build/Objects-normal/x86_64/e6072d4f65d7061329687fe24e3d63a7-common-args.resp (in target 'CSlipStream' from project 'SlipStream')
    cd /Users/harrisonfarrell/Desktop/IB/embeddingios/SlipStream
    write-file /Users/harrisonfarrell/Library/Developer/Xcode/DerivedData/VectorLens-cmecbypnyvqqbwcqspvgkepbizxj/Build/Intermediates.noindex/SlipStream.build/Debug-iphonesimulator/CSlipStream.build/Objects-normal/x86_64/e6072d4f65d7061329687fe24e3d63a7-common-args.resp
-target x86_64-apple-ios15.0-simulator -fobjc-arc -fmodules -gmodules '-fmodules-cache-path=/Users/harrisonfarrell/Library/Developer/Xcode/DerivedData/ModuleCache.noindex' '-fmodule-name=CSlipStream' -fpascal-strings -O0 -DSWIFT_PACKAGE '-DDEBUG=1' -DSS_HAS_METAL -DSS_HAS_NEON -DSS_HAS_METAL -DSS_HAS_NEON '-DOBJC_OLD_DISPATCH_PROTOTYPES=1' -isysroot /Applications/Xcode.app/Contents/Developer/Platforms/iPhoneSimulator.platform/Developer/SDKs/iPhoneSimulator26.1.sdk -fasm-blocks -g '-fobjc-abi-version=2' -fobjc-legacy-dispatch -I/Users/harrisonfarrell/Library/Developer/Xcode/DerivedData/VectorLens-cmecbypnyvqqbwcqspvgkepbizxj/Build/Products/Debug-iphonesimulator/include -I/Users/harrisonfarrell/Desktop/IB/embeddingios/SlipStream/include -I/Users/harrisonfarrell/Desktop/IB/embeddingios/SlipStream/src -I/Users/harrisonfarrell/Desktop/IB/embeddingios/SlipStream/src -I/Users/harrisonfarrell/Library/Developer/Xcode/DerivedData/VectorLens-cmecbypnyvqqbwcqspvgkepbizxj/Build/Intermediates.noindex/SlipStream.build/Debug-iphonesimulator/CSlipStream.build/DerivedSources-normal/x86_64 -I/Users/harrisonfarrell/Library/Developer/Xcode/DerivedData/VectorLens-cmecbypnyvqqbwcqspvgkepbizxj/Build/Intermediates.noindex/SlipStream.build/Debug-iphonesimulator/CSlipStream.build/DerivedSources/x86_64 -I/Users/harrisonfarrell/Library/Developer/Xcode/DerivedData/VectorLens-cmecbypnyvqqbwcqspvgkepbizxj/Build/Intermediates.noindex/SlipStream.build/Debug-iphonesimulator/CSlipStream.build/DerivedSources -F/Users/harrisonfarrell/Library/Developer/Xcode/DerivedData/VectorLens-cmecbypnyvqqbwcqspvgkepbizxj/Build/Products/Debug-iphonesimulator -iframework /Applications/Xcode.app/Contents/Developer/Platforms/iPhoneSimulator.platform/Developer/Library/Frameworks -iframework /Applications/Xcode.app/Contents/Developer/Platforms/iPhoneSimulator.platform/Developer/SDKs/iPhoneSimulator26.1.sdk/Developer/Library/Frameworks -DXcode

WriteAuxiliaryFile /Users/harrisonfarrell/Library/Developer/Xcode/DerivedData/VectorLens-cmecbypnyvqqbwcqspvgkepbizxj/Build/Intermediates.noindex/SlipStream.build/Debug-iphonesimulator/CSlipStream.build/Objects-normal/x86_64/CSlipStream.LinkFileList (in target 'CSlipStream' from project 'SlipStream')
    cd /Users/harrisonfarrell/Desktop/IB/embeddingios/SlipStream
    write-file /Users/harrisonfarrell/Library/Developer/Xcode/DerivedData/VectorLens-cmecbypnyvqqbwcqspvgkepbizxj/Build/Intermediates.noindex/SlipStream.build/Debug-iphonesimulator/CSlipStream.build/Objects-normal/x86_64/CSlipStream.LinkFileList

WriteAuxiliaryFile /Users/harrisonfarrell/Library/Developer/Xcode/DerivedData/VectorLens-cmecbypnyvqqbwcqspvgkepbizxj/Build/Intermediates.noindex/SlipStream.build/Debug-iphonesimulator/CSlipStream.build/Objects-normal/x86_64/82b82416624d2658e5098eb0a28c15c5-common-args.resp (in target 'CSlipStream' from project 'SlipStream')
    cd /Users/harrisonfarrell/Desktop/IB/embeddingios/SlipStream
    write-file /Users/harrisonfarrell/Library/Developer/Xcode/DerivedData/VectorLens-cmecbypnyvqqbwcqspvgkepbizxj/Build/Intermediates.noindex/SlipStream.build/Debug-iphonesimulator/CSlipStream.build/Objects-normal/x86_64/82b82416624d2658e5098eb0a28c15c5-common-args.resp
-target x86_64-apple-ios15.0-simulator '-std=c++17' -fmodules -fno-cxx-modules -gmodules '-fmodules-cache-path=/Users/harrisonfarrell/Library/Developer/Xcode/DerivedData/ModuleCache.noindex' '-fmodule-name=CSlipStream' '-D_LIBCPP_HARDENING_MODE=_LIBCPP_HARDENING_MODE_DEBUG' -fpascal-strings -O0 -DSWIFT_PACKAGE '-DDEBUG=1' -DSS_HAS_METAL -DSS_HAS_NEON -DSS_HAS_METAL -DSS_HAS_NEON -isysroot /Applications/Xcode.app/Contents/Developer/Platforms/iPhoneSimulator.platform/Developer/SDKs/iPhoneSimulator26.1.sdk -fasm-blocks -g -fvisibility-inlines-hidden -I/Users/harrisonfarrell/Library/Developer/Xcode/DerivedData/VectorLens-cmecbypnyvqqbwcqspvgkepbizxj/Build/Products/Debug-iphonesimulator/include -I/Users/harrisonfarrell/Desktop/IB/embeddingios/SlipStream/include -I/Users/harrisonfarrell/Desktop/IB/embeddingios/SlipStream/src -I/Users/harrisonfarrell/Desktop/IB/embeddingios/SlipStream/src -I/Users/harrisonfarrell/Library/Developer/Xcode/DerivedData/VectorLens-cmecbypnyvqqbwcqspvgkepbizxj/Build/Intermediates.noindex/SlipStream.build/Debug-iphonesimulator/CSlipStream.build/DerivedSources-normal/x86_64 -I/Users/harrisonfarrell/Library/Developer/Xcode/DerivedData/VectorLens-cmecbypnyvqqbwcqspvgkepbizxj/Build/Intermediates.noindex/SlipStream.build/Debug-iphonesimulator/CSlipStream.build/DerivedSources/x86_64 -I/Users/harrisonfarrell/Library/Developer/Xcode/DerivedData/VectorLens-cmecbypnyvqqbwcqspvgkepbizxj/Build/Intermediates.noindex/SlipStream.build/Debug-iphonesimulator/CSlipStream.build/DerivedSources -F/Users/harrisonfarrell/Library/Developer/Xcode/DerivedData/VectorLens-cmecbypnyvqqbwcqspvgkepbizxj/Build/Products/Debug-iphonesimulator -iframework /Applications/Xcode.app/Contents/Developer/Platforms/iPhoneSimulator.platform/Developer/Library/Frameworks -iframework /Applications/Xcode.app/Contents/Developer/Platforms/iPhoneSimulator.platform/Developer/SDKs/iPhoneSimulator26.1.sdk/Developer/Library/Frameworks -DXcode

WriteAuxiliaryFile /Users/harrisonfarrell/Library/Developer/Xcode/DerivedData/VectorLens-cmecbypnyvqqbwcqspvgkepbizxj/Build/Intermediates.noindex/SlipStream.build/Debug-iphonesimulator/CSlipStream.build/Objects-normal/x86_64/7187679823f38a2a940e0043cdf9d637-common-args.resp (in target 'CSlipStream' from project 'SlipStream')
    cd /Users/harrisonfarrell/Desktop/IB/embeddingios/SlipStream
    write-file /Users/harrisonfarrell/Library/Developer/Xcode/DerivedData/VectorLens-cmecbypnyvqqbwcqspvgkepbizxj/Build/Intermediates.noindex/SlipStream.build/Debug-iphonesimulator/CSlipStream.build/Objects-normal/x86_64/7187679823f38a2a940e0043cdf9d637-common-args.resp
-target x86_64-apple-ios15.0-simulator -fmodules -gmodules '-fmodules-cache-path=/Users/harrisonfarrell/Library/Developer/Xcode/DerivedData/ModuleCache.noindex' '-fmodule-name=CSlipStream' -fpascal-strings -O0 -DSWIFT_PACKAGE '-DDEBUG=1' -DSS_HAS_METAL -DSS_HAS_NEON -DSS_HAS_METAL -DSS_HAS_NEON -isysroot /Applications/Xcode.app/Contents/Developer/Platforms/iPhoneSimulator.platform/Developer/SDKs/iPhoneSimulator26.1.sdk -fasm-blocks -g -I/Users/harrisonfarrell/Library/Developer/Xcode/DerivedData/VectorLens-cmecbypnyvqqbwcqspvgkepbizxj/Build/Products/Debug-iphonesimulator/include -I/Users/harrisonfarrell/Desktop/IB/embeddingios/SlipStream/include -I/Users/harrisonfarrell/Desktop/IB/embeddingios/SlipStream/src -I/Users/harrisonfarrell/Desktop/IB/embeddingios/SlipStream/src -I/Users/harrisonfarrell/Library/Developer/Xcode/DerivedData/VectorLens-cmecbypnyvqqbwcqspvgkepbizxj/Build/Intermediates.noindex/SlipStream.build/Debug-iphonesimulator/CSlipStream.build/DerivedSources-normal/x86_64 -I/Users/harrisonfarrell/Library/Developer/Xcode/DerivedData/VectorLens-cmecbypnyvqqbwcqspvgkepbizxj/Build/Intermediates.noindex/SlipStream.build/Debug-iphonesimulator/CSlipStream.build/DerivedSources/x86_64 -I/Users/harrisonfarrell/Library/Developer/Xcode/DerivedData/VectorLens-cmecbypnyvqqbwcqspvgkepbizxj/Build/Intermediates.noindex/SlipStream.build/Debug-iphonesimulator/CSlipStream.build/DerivedSources -F/Users/harrisonfarrell/Library/Developer/Xcode/DerivedData/VectorLens-cmecbypnyvqqbwcqspvgkepbizxj/Build/Products/Debug-iphonesimulator -iframework /Applications/Xcode.app/Contents/Developer/Platforms/iPhoneSimulator.platform/Developer/Library/Frameworks -iframework /Applications/Xcode.app/Contents/Developer/Platforms/iPhoneSimulator.platform/Developer/SDKs/iPhoneSimulator26.1.sdk/Developer/Library/Frameworks -DXcode

WriteAuxiliaryFile /Users/harrisonfarrell/Library/Developer/Xcode/DerivedData/VectorLens-cmecbypnyvqqbwcqspvgkepbizxj/Build/Intermediates.noindex/SlipStream.build/Debug-iphonesimulator/CSlipStream.build/Objects-normal/arm64/e6072d4f65d7061329687fe24e3d63a7-common-args.resp (in target 'CSlipStream' from project 'SlipStream')
    cd /Users/harrisonfarrell/Desktop/IB/embeddingios/SlipStream
    write-file /Users/harrisonfarrell/Library/Developer/Xcode/DerivedData/VectorLens-cmecbypnyvqqbwcqspvgkepbizxj/Build/Intermediates.noindex/SlipStream.build/Debug-iphonesimulator/CSlipStream.build/Objects-normal/arm64/e6072d4f65d7061329687fe24e3d63a7-common-args.resp
-target arm64-apple-ios15.0-simulator -fobjc-arc -fmodules -gmodules '-fmodules-cache-path=/Users/harrisonfarrell/Library/Developer/Xcode/DerivedData/ModuleCache.noindex' '-fmodule-name=CSlipStream' -fpascal-strings -O0 -DSWIFT_PACKAGE '-DDEBUG=1' -DSS_HAS_METAL -DSS_HAS_NEON -DSS_HAS_METAL -DSS_HAS_NEON '-DOBJC_OLD_DISPATCH_PROTOTYPES=1' -isysroot /Applications/Xcode.app/Contents/Developer/Platforms/iPhoneSimulator.platform/Developer/SDKs/iPhoneSimulator26.1.sdk -g '-fobjc-abi-version=2' -fobjc-legacy-dispatch -I/Users/harrisonfarrell/Library/Developer/Xcode/DerivedData/VectorLens-cmecbypnyvqqbwcqspvgkepbizxj/Build/Products/Debug-iphonesimulator/include -I/Users/harrisonfarrell/Desktop/IB/embeddingios/SlipStream/include -I/Users/harrisonfarrell/Desktop/IB/embeddingios/SlipStream/src -I/Users/harrisonfarrell/Desktop/IB/embeddingios/SlipStream/src -I/Users/harrisonfarrell/Library/Developer/Xcode/DerivedData/VectorLens-cmecbypnyvqqbwcqspvgkepbizxj/Build/Intermediates.noindex/SlipStream.build/Debug-iphonesimulator/CSlipStream.build/DerivedSources-normal/arm64 -I/Users/harrisonfarrell/Library/Developer/Xcode/DerivedData/VectorLens-cmecbypnyvqqbwcqspvgkepbizxj/Build/Intermediates.noindex/SlipStream.build/Debug-iphonesimulator/CSlipStream.build/DerivedSources/arm64 -I/Users/harrisonfarrell/Library/Developer/Xcode/DerivedData/VectorLens-cmecbypnyvqqbwcqspvgkepbizxj/Build/Intermediates.noindex/SlipStream.build/Debug-iphonesimulator/CSlipStream.build/DerivedSources -F/Users/harrisonfarrell/Library/Developer/Xcode/DerivedData/VectorLens-cmecbypnyvqqbwcqspvgkepbizxj/Build/Products/Debug-iphonesimulator -iframework /Applications/Xcode.app/Contents/Developer/Platforms/iPhoneSimulator.platform/Developer/Library/Frameworks -iframework /Applications/Xcode.app/Contents/Developer/Platforms/iPhoneSimulator.platform/Developer/SDKs/iPhoneSimulator26.1.sdk/Developer/Library/Frameworks -DXcode

WriteAuxiliaryFile /Users/harrisonfarrell/Library/Developer/Xcode/DerivedData/VectorLens-cmecbypnyvqqbwcqspvgkepbizxj/Build/Intermediates.noindex/SlipStream.build/Debug-iphonesimulator/CSlipStream.build/Objects-normal/arm64/CSlipStream.LinkFileList (in target 'CSlipStream' from project 'SlipStream')
    cd /Users/harrisonfarrell/Desktop/IB/embeddingios/SlipStream
    write-file /Users/harrisonfarrell/Library/Developer/Xcode/DerivedData/VectorLens-cmecbypnyvqqbwcqspvgkepbizxj/Build/Intermediates.noindex/SlipStream.build/Debug-iphonesimulator/CSlipStream.build/Objects-normal/arm64/CSlipStream.LinkFileList

WriteAuxiliaryFile /Users/harrisonfarrell/Library/Developer/Xcode/DerivedData/VectorLens-cmecbypnyvqqbwcqspvgkepbizxj/Build/Intermediates.noindex/SlipStream.build/Debug-iphonesimulator/CSlipStream.build/Objects-normal/arm64/82b82416624d2658e5098eb0a28c15c5-common-args.resp (in target 'CSlipStream' from project 'SlipStream')
    cd /Users/harrisonfarrell/Desktop/IB/embeddingios/SlipStream
    write-file /Users/harrisonfarrell/Library/Developer/Xcode/DerivedData/VectorLens-cmecbypnyvqqbwcqspvgkepbizxj/Build/Intermediates.noindex/SlipStream.build/Debug-iphonesimulator/CSlipStream.build/Objects-normal/arm64/82b82416624d2658e5098eb0a28c15c5-common-args.resp
-target arm64-apple-ios15.0-simulator '-std=c++17' -fmodules -fno-cxx-modules -gmodules '-fmodules-cache-path=/Users/harrisonfarrell/Library/Developer/Xcode/DerivedData/ModuleCache.noindex' '-fmodule-name=CSlipStream' '-D_LIBCPP_HARDENING_MODE=_LIBCPP_HARDENING_MODE_DEBUG' -fpascal-strings -O0 -DSWIFT_PACKAGE '-DDEBUG=1' -DSS_HAS_METAL -DSS_HAS_NEON -DSS_HAS_METAL -DSS_HAS_NEON -isysroot /Applications/Xcode.app/Contents/Developer/Platforms/iPhoneSimulator.platform/Developer/SDKs/iPhoneSimulator26.1.sdk -g -fvisibility-inlines-hidden -I/Users/harrisonfarrell/Library/Developer/Xcode/DerivedData/VectorLens-cmecbypnyvqqbwcqspvgkepbizxj/Build/Products/Debug-iphonesimulator/include -I/Users/harrisonfarrell/Desktop/IB/embeddingios/SlipStream/include -I/Users/harrisonfarrell/Desktop/IB/embeddingios/SlipStream/src -I/Users/harrisonfarrell/Desktop/IB/embeddingios/SlipStream/src -I/Users/harrisonfarrell/Library/Developer/Xcode/DerivedData/VectorLens-cmecbypnyvqqbwcqspvgkepbizxj/Build/Intermediates.noindex/SlipStream.build/Debug-iphonesimulator/CSlipStream.build/DerivedSources-normal/arm64 -I/Users/harrisonfarrell/Library/Developer/Xcode/DerivedData/VectorLens-cmecbypnyvqqbwcqspvgkepbizxj/Build/Intermediates.noindex/SlipStream.build/Debug-iphonesimulator/CSlipStream.build/DerivedSources/arm64 -I/Users/harrisonfarrell/Library/Developer/Xcode/DerivedData/VectorLens-cmecbypnyvqqbwcqspvgkepbizxj/Build/Intermediates.noindex/SlipStream.build/Debug-iphonesimulator/CSlipStream.build/DerivedSources -F/Users/harrisonfarrell/Library/Developer/Xcode/DerivedData/VectorLens-cmecbypnyvqqbwcqspvgkepbizxj/Build/Products/Debug-iphonesimulator -iframework /Applications/Xcode.app/Contents/Developer/Platforms/iPhoneSimulator.platform/Developer/Library/Frameworks -iframework /Applications/Xcode.app/Contents/Developer/Platforms/iPhoneSimulator.platform/Developer/SDKs/iPhoneSimulator26.1.sdk/Developer/Library/Frameworks -DXcode

WriteAuxiliaryFile /Users/harrisonfarrell/Library/Developer/Xcode/DerivedData/VectorLens-cmecbypnyvqqbwcqspvgkepbizxj/Build/Intermediates.noindex/SlipStream.build/Debug-iphonesimulator/CSlipStream.build/Objects-normal/arm64/7187679823f38a2a940e0043cdf9d637-common-args.resp (in target 'CSlipStream' from project 'SlipStream')
    cd /Users/harrisonfarrell/Desktop/IB/embeddingios/SlipStream
    write-file /Users/harrisonfarrell/Library/Developer/Xcode/DerivedData/VectorLens-cmecbypnyvqqbwcqspvgkepbizxj/Build/Intermediates.noindex/SlipStream.build/Debug-iphonesimulator/CSlipStream.build/Objects-normal/arm64/7187679823f38a2a940e0043cdf9d637-common-args.resp
-target arm64-apple-ios15.0-simulator -fmodules -gmodules '-fmodules-cache-path=/Users/harrisonfarrell/Library/Developer/Xcode/DerivedData/ModuleCache.noindex' '-fmodule-name=CSlipStream' -fpascal-strings -O0 -DSWIFT_PACKAGE '-DDEBUG=1' -DSS_HAS_METAL -DSS_HAS_NEON -DSS_HAS_METAL -DSS_HAS_NEON -isysroot /Applications/Xcode.app/Contents/Developer/Platforms/iPhoneSimulator.platform/Developer/SDKs/iPhoneSimulator26.1.sdk -g -I/Users/harrisonfarrell/Library/Developer/Xcode/DerivedData/VectorLens-cmecbypnyvqqbwcqspvgkepbizxj/Build/Products/Debug-iphonesimulator/include -I/Users/harrisonfarrell/Desktop/IB/embeddingios/SlipStream/include -I/Users/harrisonfarrell/Desktop/IB/embeddingios/SlipStream/src -I/Users/harrisonfarrell/Desktop/IB/embeddingios/SlipStream/src -I/Users/harrisonfarrell/Library/Developer/Xcode/DerivedData/VectorLens-cmecbypnyvqqbwcqspvgkepbizxj/Build/Intermediates.noindex/SlipStream.build/Debug-iphonesimulator/CSlipStream.build/DerivedSources-normal/arm64 -I/Users/harrisonfarrell/Library/Developer/Xcode/DerivedData/VectorLens-cmecbypnyvqqbwcqspvgkepbizxj/Build/Intermediates.noindex/SlipStream.build/Debug-iphonesimulator/CSlipStream.build/DerivedSources/arm64 -I/Users/harrisonfarrell/Library/Developer/Xcode/DerivedData/VectorLens-cmecbypnyvqqbwcqspvgkepbizxj/Build/Intermediates.noindex/SlipStream.build/Debug-iphonesimulator/CSlipStream.build/DerivedSources -F/Users/harrisonfarrell/Library/Developer/Xcode/DerivedData/VectorLens-cmecbypnyvqqbwcqspvgkepbizxj/Build/Products/Debug-iphonesimulator -iframework /Applications/Xcode.app/Contents/Developer/Platforms/iPhoneSimulator.platform/Developer/Library/Frameworks -iframework /Applications/Xcode.app/Contents/Developer/Platforms/iPhoneSimulator.platform/Developer/SDKs/iPhoneSimulator26.1.sdk/Developer/Library/Frameworks -DXcode

WriteAuxiliaryFile /Users/harrisonfarrell/Library/Developer/Xcode/DerivedData/VectorLens-cmecbypnyvqqbwcqspvgkepbizxj/Build/Intermediates.noindex/SlipStream.build/Debug-iphonesimulator/CSlipStream.build/DerivedSources/resource_bundle_accessor.h (in target 'CSlipStream' from project 'SlipStream')
    cd /Users/harrisonfarrell/Desktop/IB/embeddingios/SlipStream
    write-file /Users/harrisonfarrell/Library/Developer/Xcode/DerivedData/VectorLens-cmecbypnyvqqbwcqspvgkepbizxj/Build/Intermediates.noindex/SlipStream.build/Debug-iphonesimulator/CSlipStream.build/DerivedSources/resource_bundle_accessor.h

WriteAuxiliaryFile /Users/harrisonfarrell/Library/Developer/Xcode/DerivedData/VectorLens-cmecbypnyvqqbwcqspvgkepbizxj/Build/Intermediates.noindex/SlipStream.build/Debug-iphonesimulator/CSlipStream.build/DerivedSources/resource_bundle_accessor.m (in target 'CSlipStream' from project 'SlipStream')
    cd /Users/harrisonfarrell/Desktop/IB/embeddingios/SlipStream
    write-file /Users/harrisonfarrell/Library/Developer/Xcode/DerivedData/VectorLens-cmecbypnyvqqbwcqspvgkepbizxj/Build/Intermediates.noindex/SlipStream.build/Debug-iphonesimulator/CSlipStream.build/DerivedSources/resource_bundle_accessor.m

WriteAuxiliaryFile /Users/harrisonfarrell/Library/Developer/Xcode/DerivedData/VectorLens-cmecbypnyvqqbwcqspvgkepbizxj/Build/Intermediates.noindex/SlipStream.build/Debug-iphonesimulator/CSlipStream.build/CSlipStream.modulemap (in target 'CSlipStream' from project 'SlipStream')
    cd /Users/harrisonfarrell/Desktop/IB/embeddingios/SlipStream
    write-file /Users/harrisonfarrell/Library/Developer/Xcode/DerivedData/VectorLens-cmecbypnyvqqbwcqspvgkepbizxj/Build/Intermediates.noindex/SlipStream.build/Debug-iphonesimulator/CSlipStream.build/CSlipStream.modulemap

WriteAuxiliaryFile /Users/harrisonfarrell/Library/Developer/Xcode/DerivedData/VectorLens-cmecbypnyvqqbwcqspvgkepbizxj/Build/Intermediates.noindex/SlipStream.build/Debug-iphonesimulator/CSlipStream.build/CSlipStream.DependencyStaticMetadataFileList (in target 'CSlipStream' from project 'SlipStream')
    cd /Users/harrisonfarrell/Desktop/IB/embeddingios/SlipStream
    write-file /Users/harrisonfarrell/Library/Developer/Xcode/DerivedData/VectorLens-cmecbypnyvqqbwcqspvgkepbizxj/Build/Intermediates.noindex/SlipStream.build/Debug-iphonesimulator/CSlipStream.build/CSlipStream.DependencyStaticMetadataFileList

WriteAuxiliaryFile /Users/harrisonfarrell/Library/Developer/Xcode/DerivedData/VectorLens-cmecbypnyvqqbwcqspvgkepbizxj/Build/Intermediates.noindex/SlipStream.build/Debug-iphonesimulator/CSlipStream.build/CSlipStream.DependencyMetadataFileList (in target 'CSlipStream' from project 'SlipStream')
    cd /Users/harrisonfarrell/Desktop/IB/embeddingios/SlipStream
    write-file /Users/harrisonfarrell/Library/Developer/Xcode/DerivedData/VectorLens-cmecbypnyvqqbwcqspvgkepbizxj/Build/Intermediates.noindex/SlipStream.build/Debug-iphonesimulator/CSlipStream.build/CSlipStream.DependencyMetadataFileList

MkDir /Users/harrisonfarrell/Library/Developer/Xcode/DerivedData/VectorLens-cmecbypnyvqqbwcqspvgkepbizxj/Build/Products/Debug-iphonesimulator/VectorLens.app (in target 'VectorLens' from project 'VectorLens')
    cd /Users/harrisonfarrell/Desktop/IB/embeddingios
    /bin/mkdir -p /Users/harrisonfarrell/Library/Developer/Xcode/DerivedData/VectorLens-cmecbypnyvqqbwcqspvgkepbizxj/Build/Products/Debug-iphonesimulator/VectorLens.app

MkDir /Users/harrisonfarrell/Library/Developer/Xcode/DerivedData/VectorLens-cmecbypnyvqqbwcqspvgkepbizxj/Build/Products/Debug-iphonesimulator/SlipStream_CSlipStream.bundle (in target 'SlipStream_CSlipStream' from project 'SlipStream')
    cd /Users/harrisonfarrell/Desktop/IB/embeddingios/SlipStream
    /bin/mkdir -p /Users/harrisonfarrell/Library/Developer/Xcode/DerivedData/VectorLens-cmecbypnyvqqbwcqspvgkepbizxj/Build/Products/Debug-iphonesimulator/SlipStream_CSlipStream.bundle

Copy /Users/harrisonfarrell/Library/Developer/Xcode/DerivedData/VectorLens-cmecbypnyvqqbwcqspvgkepbizxj/Build/Intermediates.noindex/GeneratedModuleMaps-iphonesimulator/CSlipStream.modulemap /Users/harrisonfarrell/Library/Developer/Xcode/DerivedData/VectorLens-cmecbypnyvqqbwcqspvgkepbizxj/Build/Intermediates.noindex/SlipStream.build/Debug-iphonesimulator/CSlipStream.build/CSlipStream.modulemap (in target 'CSlipStream' from project 'SlipStream')
    cd /Users/harrisonfarrell/Desktop/IB/embeddingios/SlipStream
    builtin-copy -exclude .DS_Store -exclude CVS -exclude .svn -exclude .git -exclude .hg -resolve-src-symlinks /Users/harrisonfarrell/Library/Developer/Xcode/DerivedData/VectorLens-cmecbypnyvqqbwcqspvgkepbizxj/Build/Intermediates.noindex/SlipStream.build/Debug-iphonesimulator/CSlipStream.build/CSlipStream.modulemap /Users/harrisonfarrell/Library/Developer/Xcode/DerivedData/VectorLens-cmecbypnyvqqbwcqspvgkepbizxj/Build/Intermediates.noindex/GeneratedModuleMaps-iphonesimulator

GenerateAssetSymbols /Users/harrisonfarrell/Desktop/IB/embeddingios/SlipStream/SlipStream/SlipStream/Assets.xcassets (in target 'CSlipStream' from project 'SlipStream')
    cd /Users/harrisonfarrell/Desktop/IB/embeddingios/SlipStream
    /Applications/Xcode.app/Contents/Developer/usr/bin/actool /Users/harrisonfarrell/Desktop/IB/embeddingios/SlipStream/SlipStream/SlipStream/Assets.xcassets --compile /Users/harrisonfarrell/Library/Developer/Xcode/DerivedData/VectorLens-cmecbypnyvqqbwcqspvgkepbizxj/Build/Products/Debug-iphonesimulator --output-format human-readable-text --notices --warnings --export-dependency-info /Users/harrisonfarrell/Library/Developer/Xcode/DerivedData/VectorLens-cmecbypnyvqqbwcqspvgkepbizxj/Build/Intermediates.noindex/SlipStream.build/Debug-iphonesimulator/CSlipStream.build/assetcatalog_dependencies --output-partial-info-plist /Users/harrisonfarrell/Library/Developer/Xcode/DerivedData/VectorLens-cmecbypnyvqqbwcqspvgkepbizxj/Build/Intermediates.noindex/SlipStream.build/Debug-iphonesimulator/CSlipStream.build/assetcatalog_generated_info.plist --compress-pngs --enable-on-demand-resources NO --development-region en --target-device iphone --target-device ipad --minimum-deployment-target 15.0 --platform iphonesimulator --bundle-identifier slipstream.CSlipStream --generate-objc-asset-symbols /Users/harrisonfarrell/Library/Developer/Xcode/DerivedData/VectorLens-cmecbypnyvqqbwcqspvgkepbizxj/Build/Intermediates.noindex/SlipStream.build/Debug-iphonesimulator/CSlipStream.build/DerivedSources/GeneratedAssetSymbols.h --generate-asset-symbol-index /Users/harrisonfarrell/Library/Developer/Xcode/DerivedData/VectorLens-cmecbypnyvqqbwcqspvgkepbizxj/Build/Intermediates.noindex/SlipStream.build/Debug-iphonesimulator/CSlipStream.build/DerivedSources/GeneratedAssetSymbols-Index.plist
/* com.apple.actool.compilation-results */
/Users/harrisonfarrell/Library/Developer/Xcode/DerivedData/VectorLens-cmecbypnyvqqbwcqspvgkepbizxj/Build/Intermediates.noindex/SlipStream.build/Debug-iphonesimulator/CSlipStream.build/DerivedSources/GeneratedAssetSymbols-Index.plist
/Users/harrisonfarrell/Library/Developer/Xcode/DerivedData/VectorLens-cmecbypnyvqqbwcqspvgkepbizxj/Build/Intermediates.noindex/SlipStream.build/Debug-iphonesimulator/CSlipStream.build/DerivedSources/GeneratedAssetSymbols.h


GenerateAssetSymbols /Users/harrisonfarrell/Desktop/IB/embeddingios/SlipStream/SlipStream/SlipStream/Assets.xcassets (in target 'SlipStream_CSlipStream' from project 'SlipStream')
    cd /Users/harrisonfarrell/Desktop/IB/embeddingios/SlipStream
    /Applications/Xcode.app/Contents/Developer/usr/bin/actool /Users/harrisonfarrell/Desktop/IB/embeddingios/SlipStream/SlipStream/SlipStream/Assets.xcassets --compile /Users/harrisonfarrell/Library/Developer/Xcode/DerivedData/VectorLens-cmecbypnyvqqbwcqspvgkepbizxj/Build/Products/Debug-iphonesimulator/SlipStream_CSlipStream.bundle --output-format human-readable-text --notices --warnings --export-dependency-info /Users/harrisonfarrell/Library/Developer/Xcode/DerivedData/VectorLens-cmecbypnyvqqbwcqspvgkepbizxj/Build/Intermediates.noindex/SlipStream.build/Debug-iphonesimulator/SlipStream_CSlipStream.build/assetcatalog_dependencies --output-partial-info-plist /Users/harrisonfarrell/Library/Developer/Xcode/DerivedData/VectorLens-cmecbypnyvqqbwcqspvgkepbizxj/Build/Intermediates.noindex/SlipStream.build/Debug-iphonesimulator/SlipStream_CSlipStream.build/assetcatalog_generated_info.plist --compress-pngs --enable-on-demand-resources NO --development-region en --target-device iphone --target-device ipad --minimum-deployment-target 15.0 --platform iphonesimulator --bundle-identifier slipstream.CSlipStream.resources --generate-objc-asset-symbols /Users/harrisonfarrell/Library/Developer/Xcode/DerivedData/VectorLens-cmecbypnyvqqbwcqspvgkepbizxj/Build/Intermediates.noindex/SlipStream.build/Debug-iphonesimulator/SlipStream_CSlipStream.build/DerivedSources/GeneratedAssetSymbols.h --generate-asset-symbol-index /Users/harrisonfarrell/Library/Developer/Xcode/DerivedData/VectorLens-cmecbypnyvqqbwcqspvgkepbizxj/Build/Intermediates.noindex/SlipStream.build/Debug-iphonesimulator/SlipStream_CSlipStream.build/DerivedSources/GeneratedAssetSymbols-Index.plist

CompileStoryboard /Users/harrisonfarrell/Desktop/IB/embeddingios/SlipStream/SlipStream/SlipStream/Base.lproj/LaunchScreen.storyboard (in target 'SlipStream_CSlipStream' from project 'SlipStream')
    cd /Users/harrisonfarrell/Desktop/IB/embeddingios/SlipStream
    /Applications/Xcode.app/Contents/Developer/usr/bin/ibtool --errors --warnings --notices --module SlipStream_CSlipStream --output-partial-info-plist /Users/harrisonfarrell/Library/Developer/Xcode/DerivedData/VectorLens-cmecbypnyvqqbwcqspvgkepbizxj/Build/Intermediates.noindex/SlipStream.build/Debug-iphonesimulator/SlipStream_CSlipStream.build/Base.lproj/LaunchScreen-SBPartialInfo.plist --auto-activate-custom-fonts --target-device iphone --target-device ipad --minimum-deployment-target 15.0 --output-format human-readable-text /Users/harrisonfarrell/Desktop/IB/embeddingios/SlipStream/SlipStream/SlipStream/Base.lproj/LaunchScreen.storyboard --compilation-directory /Users/harrisonfarrell/Library/Developer/Xcode/DerivedData/VectorLens-cmecbypnyvqqbwcqspvgkepbizxj/Build/Intermediates.noindex/SlipStream.build/Debug-iphonesimulator/SlipStream_CSlipStream.build/Base.lproj

CompileStoryboard /Users/harrisonfarrell/Desktop/IB/embeddingios/SlipStream/SlipStream/SlipStream/Base.lproj/Main.storyboard (in target 'SlipStream_CSlipStream' from project 'SlipStream')
    cd /Users/harrisonfarrell/Desktop/IB/embeddingios/SlipStream
    /Applications/Xcode.app/Contents/Developer/usr/bin/ibtool --errors --warnings --notices --module SlipStream_CSlipStream --output-partial-info-plist /Users/harrisonfarrell/Library/Developer/Xcode/DerivedData/VectorLens-cmecbypnyvqqbwcqspvgkepbizxj/Build/Intermediates.noindex/SlipStream.build/Debug-iphonesimulator/SlipStream_CSlipStream.build/Base.lproj/Main-SBPartialInfo.plist --auto-activate-custom-fonts --target-device iphone --target-device ipad --minimum-deployment-target 15.0 --output-format human-readable-text /Users/harrisonfarrell/Desktop/IB/embeddingios/SlipStream/SlipStream/SlipStream/Base.lproj/Main.storyboard --compilation-directory /Users/harrisonfarrell/Library/Developer/Xcode/DerivedData/VectorLens-cmecbypnyvqqbwcqspvgkepbizxj/Build/Intermediates.noindex/SlipStream.build/Debug-iphonesimulator/SlipStream_CSlipStream.build/Base.lproj

MkDir /Users/harrisonfarrell/Library/Developer/Xcode/DerivedData/VectorLens-cmecbypnyvqqbwcqspvgkepbizxj/Build/Intermediates.noindex/SlipStream.build/Debug-iphonesimulator/SlipStream_CSlipStream.build/assetcatalog_output/thinned (in target 'SlipStream_CSlipStream' from project 'SlipStream')
    cd /Users/harrisonfarrell/Desktop/IB/embeddingios/SlipStream
    /bin/mkdir -p /Users/harrisonfarrell/Library/Developer/Xcode/DerivedData/VectorLens-cmecbypnyvqqbwcqspvgkepbizxj/Build/Intermediates.noindex/SlipStream.build/Debug-iphonesimulator/SlipStream_CSlipStream.build/assetcatalog_output/thinned

CompileMetalFile /Users/harrisonfarrell/Desktop/IB/embeddingios/SlipStream/src/backends/slipstream_safe_kernels.metal (in target 'SlipStream_CSlipStream' from project 'SlipStream')
    cd /Users/harrisonfarrell/Desktop/IB/embeddingios/SlipStream
    /var/run/com.apple.security.cryptexd/mnt/com.apple.MobileAsset.MetalToolchain-v17.2.54.0.q6j9pu/Metal.xctoolchain/usr/bin/metal -c -target air64-apple-ios15.0-simulator -I/Users/harrisonfarrell/Library/Developer/Xcode/DerivedData/VectorLens-cmecbypnyvqqbwcqspvgkepbizxj/Build/Products/Debug-iphonesimulator/include -F/Users/harrisonfarrell/Library/Developer/Xcode/DerivedData/VectorLens-cmecbypnyvqqbwcqspvgkepbizxj/Build/Products/Debug-iphonesimulator -isysroot /Applications/Xcode.app/Contents/Developer/Platforms/iPhoneSimulator.platform/Developer/SDKs/iPhoneSimulator26.1.sdk -fmetal-math-mode\=fast -fmetal-math-fp32-functions\=fast -serialize-diagnostics /Users/harrisonfarrell/Library/Developer/Xcode/DerivedData/VectorLens-cmecbypnyvqqbwcqspvgkepbizxj/Build/Intermediates.noindex/SlipStream.build/Debug-iphonesimulator/SlipStream_CSlipStream.build/Metal/slipstream_safe_kernels.dia -o /Users/harrisonfarrell/Library/Developer/Xcode/DerivedData/VectorLens-cmecbypnyvqqbwcqspvgkepbizxj/Build/Intermediates.noindex/SlipStream.build/Debug-iphonesimulator/SlipStream_CSlipStream.build/Metal/slipstream_safe_kernels.air -MMD -MT dependencies -MF /Users/harrisonfarrell/Library/Developer/Xcode/DerivedData/VectorLens-cmecbypnyvqqbwcqspvgkepbizxj/Build/Intermediates.noindex/SlipStream.build/Debug-iphonesimulator/SlipStream_CSlipStream.build/Metal/slipstream_safe_kernels.dat /Users/harrisonfarrell/Desktop/IB/embeddingios/SlipStream/src/backends/slipstream_safe_kernels.metal

MkDir /Users/harrisonfarrell/Library/Developer/Xcode/DerivedData/VectorLens-cmecbypnyvqqbwcqspvgkepbizxj/Build/Intermediates.noindex/SlipStream.build/Debug-iphonesimulator/SlipStream_CSlipStream.build/assetcatalog_output/unthinned (in target 'SlipStream_CSlipStream' from project 'SlipStream')
    cd /Users/harrisonfarrell/Desktop/IB/embeddingios/SlipStream
    /bin/mkdir -p /Users/harrisonfarrell/Library/Developer/Xcode/DerivedData/VectorLens-cmecbypnyvqqbwcqspvgkepbizxj/Build/Intermediates.noindex/SlipStream.build/Debug-iphonesimulator/SlipStream_CSlipStream.build/assetcatalog_output/unthinned

CompileMetalFile /Users/harrisonfarrell/Desktop/IB/embeddingios/SlipStream/test_metal.metal (in target 'SlipStream_CSlipStream' from project 'SlipStream')
    cd /Users/harrisonfarrell/Desktop/IB/embeddingios/SlipStream
    /var/run/com.apple.security.cryptexd/mnt/com.apple.MobileAsset.MetalToolchain-v17.2.54.0.q6j9pu/Metal.xctoolchain/usr/bin/metal -c -target air64-apple-ios15.0-simulator -I/Users/harrisonfarrell/Library/Developer/Xcode/DerivedData/VectorLens-cmecbypnyvqqbwcqspvgkepbizxj/Build/Products/Debug-iphonesimulator/include -F/Users/harrisonfarrell/Library/Developer/Xcode/DerivedData/VectorLens-cmecbypnyvqqbwcqspvgkepbizxj/Build/Products/Debug-iphonesimulator -isysroot /Applications/Xcode.app/Contents/Developer/Platforms/iPhoneSimulator.platform/Developer/SDKs/iPhoneSimulator26.1.sdk -fmetal-math-mode\=fast -fmetal-math-fp32-functions\=fast -serialize-diagnostics /Users/harrisonfarrell/Library/Developer/Xcode/DerivedData/VectorLens-cmecbypnyvqqbwcqspvgkepbizxj/Build/Intermediates.noindex/SlipStream.build/Debug-iphonesimulator/SlipStream_CSlipStream.build/Metal/test_metal.dia -o /Users/harrisonfarrell/Library/Developer/Xcode/DerivedData/VectorLens-cmecbypnyvqqbwcqspvgkepbizxj/Build/Intermediates.noindex/SlipStream.build/Debug-iphonesimulator/SlipStream_CSlipStream.build/Metal/test_metal.air -MMD -MT dependencies -MF /Users/harrisonfarrell/Library/Developer/Xcode/DerivedData/VectorLens-cmecbypnyvqqbwcqspvgkepbizxj/Build/Intermediates.noindex/SlipStream.build/Debug-iphonesimulator/SlipStream_CSlipStream.build/Metal/test_metal.dat /Users/harrisonfarrell/Desktop/IB/embeddingios/SlipStream/test_metal.metal

CompileAssetCatalogVariant thinned /Users/harrisonfarrell/Library/Developer/Xcode/DerivedData/VectorLens-cmecbypnyvqqbwcqspvgkepbizxj/Build/Products/Debug-iphonesimulator/SlipStream_CSlipStream.bundle /Users/harrisonfarrell/Desktop/IB/embeddingios/SlipStream/SlipStream/SlipStream/Assets.xcassets (in target 'SlipStream_CSlipStream' from project 'SlipStream')
    cd /Users/harrisonfarrell/Desktop/IB/embeddingios/SlipStream
    /Applications/Xcode.app/Contents/Developer/usr/bin/actool /Users/harrisonfarrell/Desktop/IB/embeddingios/SlipStream/SlipStream/SlipStream/Assets.xcassets --compile /Users/harrisonfarrell/Library/Developer/Xcode/DerivedData/VectorLens-cmecbypnyvqqbwcqspvgkepbizxj/Build/Intermediates.noindex/SlipStream.build/Debug-iphonesimulator/SlipStream_CSlipStream.build/assetcatalog_output/thinned --output-format human-readable-text --notices --warnings --export-dependency-info /Users/harrisonfarrell/Library/Developer/Xcode/DerivedData/VectorLens-cmecbypnyvqqbwcqspvgkepbizxj/Build/Intermediates.noindex/SlipStream.build/Debug-iphonesimulator/SlipStream_CSlipStream.build/assetcatalog_dependencies_thinned --output-partial-info-plist /Users/harrisonfarrell/Library/Developer/Xcode/DerivedData/VectorLens-cmecbypnyvqqbwcqspvgkepbizxj/Build/Intermediates.noindex/SlipStream.build/Debug-iphonesimulator/SlipStream_CSlipStream.build/assetcatalog_generated_info.plist_thinned --compress-pngs --enable-on-demand-resources NO --development-region en --target-device iphone --target-device ipad --minimum-deployment-target 15.0 --platform iphonesimulator

ScanDependencies /Users/harrisonfarrell/Library/Developer/Xcode/DerivedData/VectorLens-cmecbypnyvqqbwcqspvgkepbizxj/Build/Intermediates.noindex/SlipStream.build/Debug-iphonesimulator/CSlipStream.build/Objects-normal/x86_64/thread_pool.o /Users/harrisonfarrell/Desktop/IB/embeddingios/SlipStream/src/utils/thread_pool.c normal x86_64 c com.apple.compilers.llvm.clang.1_0.compiler (in target 'CSlipStream' from project 'SlipStream')
    cd /Users/harrisonfarrell/Desktop/IB/embeddingios/VectorLens.xcodeproj
    
    Using response file: /Users/harrisonfarrell/Library/Developer/Xcode/DerivedData/VectorLens-cmecbypnyvqqbwcqspvgkepbizxj/Build/Intermediates.noindex/SlipStream.build/Debug-iphonesimulator/CSlipStream.build/Objects-normal/x86_64/7187679823f38a2a940e0043cdf9d637-common-args.resp
    
    builtin-ScanDependencies -o /Users/harrisonfarrell/Library/Developer/Xcode/DerivedData/VectorLens-cmecbypnyvqqbwcqspvgkepbizxj/Build/Intermediates.noindex/SlipStream.build/Debug-iphonesimulator/CSlipStream.build/Objects-normal/x86_64/thread_pool.o.scan -- /Applications/Xcode.app/Contents/Developer/Toolchains/XcodeDefault.xctoolchain/usr/bin/clang -x c -ivfsstatcache /Users/harrisonfarrell/Library/Developer/Xcode/DerivedData/SDKStatCaches.noindex/iphonesimulator26.1-23B77-3885c01c3e6b6a337905948deab2002e90cf18a4295e390e64c810bc6bd7acbc.sdkstatcache -fmessage-length\=0 -fdiagnostics-show-note-include-stack -fmacro-backtrace-limit\=0 -fno-color-diagnostics -fmodules-prune-interval\=86400 -fmodules-prune-after\=345600 -fbuild-session-file\=/Users/harrisonfarrell/Library/Developer/Xcode/DerivedData/ModuleCache.noindex/Session.modulevalidation -fmodules-validate-once-per-build-session -Wnon-modular-include-in-framework-module -Werror\=non-modular-include-in-framework-module -Wno-trigraphs -Wno-missing-field-initializers -Wno-missing-prototypes -Wno-return-type -Wno-missing-braces -Wparentheses -Wswitch -Wno-unused-function -Wno-unused-label -Wno-unused-parameter -Wno-unused-variable -Wunused-value -Wno-empty-body -Wno-uninitialized -Wno-unknown-pragmas -Wno-shadow -Wno-four-char-constants -Wno-conversion -Wno-constant-conversion -Wno-int-conversion -Wno-bool-conversion -Wno-enum-conversion -Wno-float-conversion -Wno-non-literal-null-conversion -Wno-objc-literal-conversion -Wshorten-64-to-32 -Wpointer-sign -Wno-newline-eof -Wno-implicit-fallthrough -fstrict-aliasing -Wdeprecated-declarations -Wno-sign-conversion -Wno-infinite-recursion -Wno-comma -Wno-block-capture-autoreleasing -Wno-strict-prototypes -Wno-semicolon-before-method-body -index-store-path /Users/harrisonfarrell/Library/Developer/Xcode/DerivedData/VectorLens-cmecbypnyvqqbwcqspvgkepbizxj/Index.noindex/DataStore @/Users/harrisonfarrell/Library/Developer/Xcode/DerivedData/VectorLens-cmecbypnyvqqbwcqspvgkepbizxj/Build/Intermediates.noindex/SlipStream.build/Debug-iphonesimulator/CSlipStream.build/Objects-normal/x86_64/7187679823f38a2a940e0043cdf9d637-common-args.resp -MMD -MT dependencies -MF /Users/harrisonfarrell/Library/Developer/Xcode/DerivedData/VectorLens-cmecbypnyvqqbwcqspvgkepbizxj/Build/Intermediates.noindex/SlipStream.build/Debug-iphonesimulator/CSlipStream.build/Objects-normal/x86_64/thread_pool.d --serialize-diagnostics /Users/harrisonfarrell/Library/Developer/Xcode/DerivedData/VectorLens-cmecbypnyvqqbwcqspvgkepbizxj/Build/Intermediates.noindex/SlipStream.build/Debug-iphonesimulator/CSlipStream.build/Objects-normal/x86_64/thread_pool.dia -c /Users/harrisonfarrell/Desktop/IB/embeddingios/SlipStream/src/utils/thread_pool.c -o /Users/harrisonfarrell/Library/Developer/Xcode/DerivedData/VectorLens-cmecbypnyvqqbwcqspvgkepbizxj/Build/Intermediates.noindex/SlipStream.build/Debug-iphonesimulator/CSlipStream.build/Objects-normal/x86_64/thread_pool.o -index-unit-output-path /SlipStream.build/Debug-iphonesimulator/CSlipStream.build/Objects-normal/x86_64/thread_pool.o

ScanDependencies /Users/harrisonfarrell/Library/Developer/Xcode/DerivedData/VectorLens-cmecbypnyvqqbwcqspvgkepbizxj/Build/Intermediates.noindex/SlipStream.build/Debug-iphonesimulator/CSlipStream.build/Objects-normal/x86_64/tokenizer.o /Users/harrisonfarrell/Desktop/IB/embeddingios/SlipStream/src/core/tokenizer.c normal x86_64 c com.apple.compilers.llvm.clang.1_0.compiler (in target 'CSlipStream' from project 'SlipStream')
    cd /Users/harrisonfarrell/Desktop/IB/embeddingios/VectorLens.xcodeproj
    
    Using response file: /Users/harrisonfarrell/Library/Developer/Xcode/DerivedData/VectorLens-cmecbypnyvqqbwcqspvgkepbizxj/Build/Intermediates.noindex/SlipStream.build/Debug-iphonesimulator/CSlipStream.build/Objects-normal/x86_64/7187679823f38a2a940e0043cdf9d637-common-args.resp
    
    builtin-ScanDependencies -o /Users/harrisonfarrell/Library/Developer/Xcode/DerivedData/VectorLens-cmecbypnyvqqbwcqspvgkepbizxj/Build/Intermediates.noindex/SlipStream.build/Debug-iphonesimulator/CSlipStream.build/Objects-normal/x86_64/tokenizer.o.scan -- /Applications/Xcode.app/Contents/Developer/Toolchains/XcodeDefault.xctoolchain/usr/bin/clang -x c -ivfsstatcache /Users/harrisonfarrell/Library/Developer/Xcode/DerivedData/SDKStatCaches.noindex/iphonesimulator26.1-23B77-3885c01c3e6b6a337905948deab2002e90cf18a4295e390e64c810bc6bd7acbc.sdkstatcache -fmessage-length\=0 -fdiagnostics-show-note-include-stack -fmacro-backtrace-limit\=0 -fno-color-diagnostics -fmodules-prune-interval\=86400 -fmodules-prune-after\=345600 -fbuild-session-file\=/Users/harrisonfarrell/Library/Developer/Xcode/DerivedData/ModuleCache.noindex/Session.modulevalidation -fmodules-validate-once-per-build-session -Wnon-modular-include-in-framework-module -Werror\=non-modular-include-in-framework-module -Wno-trigraphs -Wno-missing-field-initializers -Wno-missing-prototypes -Wno-return-type -Wno-missing-braces -Wparentheses -Wswitch -Wno-unused-function -Wno-unused-label -Wno-unused-parameter -Wno-unused-variable -Wunused-value -Wno-empty-body -Wno-uninitialized -Wno-unknown-pragmas -Wno-shadow -Wno-four-char-constants -Wno-conversion -Wno-constant-conversion -Wno-int-conversion -Wno-bool-conversion -Wno-enum-conversion -Wno-float-conversion -Wno-non-literal-null-conversion -Wno-objc-literal-conversion -Wshorten-64-to-32 -Wpointer-sign -Wno-newline-eof -Wno-implicit-fallthrough -fstrict-aliasing -Wdeprecated-declarations -Wno-sign-conversion -Wno-infinite-recursion -Wno-comma -Wno-block-capture-autoreleasing -Wno-strict-prototypes -Wno-semicolon-before-method-body -index-store-path /Users/harrisonfarrell/Library/Developer/Xcode/DerivedData/VectorLens-cmecbypnyvqqbwcqspvgkepbizxj/Index.noindex/DataStore @/Users/harrisonfarrell/Library/Developer/Xcode/DerivedData/VectorLens-cmecbypnyvqqbwcqspvgkepbizxj/Build/Intermediates.noindex/SlipStream.build/Debug-iphonesimulator/CSlipStream.build/Objects-normal/x86_64/7187679823f38a2a940e0043cdf9d637-common-args.resp -MMD -MT dependencies -MF /Users/harrisonfarrell/Library/Developer/Xcode/DerivedData/VectorLens-cmecbypnyvqqbwcqspvgkepbizxj/Build/Intermediates.noindex/SlipStream.build/Debug-iphonesimulator/CSlipStream.build/Objects-normal/x86_64/tokenizer.d --serialize-diagnostics /Users/harrisonfarrell/Library/Developer/Xcode/DerivedData/VectorLens-cmecbypnyvqqbwcqspvgkepbizxj/Build/Intermediates.noindex/SlipStream.build/Debug-iphonesimulator/CSlipStream.build/Objects-normal/x86_64/tokenizer.dia -c /Users/harrisonfarrell/Desktop/IB/embeddingios/SlipStream/src/core/tokenizer.c -o /Users/harrisonfarrell/Library/Developer/Xcode/DerivedData/VectorLens-cmecbypnyvqqbwcqspvgkepbizxj/Build/Intermediates.noindex/SlipStream.build/Debug-iphonesimulator/CSlipStream.build/Objects-normal/x86_64/tokenizer.o -index-unit-output-path /SlipStream.build/Debug-iphonesimulator/CSlipStream.build/Objects-normal/x86_64/tokenizer.o

ScanDependencies /Users/harrisonfarrell/Library/Developer/Xcode/DerivedData/VectorLens-cmecbypnyvqqbwcqspvgkepbizxj/Build/Intermediates.noindex/SlipStream.build/Debug-iphonesimulator/CSlipStream.build/Objects-normal/x86_64/tensor.o /Users/harrisonfarrell/Desktop/IB/embeddingios/SlipStream/src/core/tensor.c normal x86_64 c com.apple.compilers.llvm.clang.1_0.compiler (in target 'CSlipStream' from project 'SlipStream')
    cd /Users/harrisonfarrell/Desktop/IB/embeddingios/VectorLens.xcodeproj
    
    Using response file: /Users/harrisonfarrell/Library/Developer/Xcode/DerivedData/VectorLens-cmecbypnyvqqbwcqspvgkepbizxj/Build/Intermediates.noindex/SlipStream.build/Debug-iphonesimulator/CSlipStream.build/Objects-normal/x86_64/7187679823f38a2a940e0043cdf9d637-common-args.resp
    
    builtin-ScanDependencies -o /Users/harrisonfarrell/Library/Developer/Xcode/DerivedData/VectorLens-cmecbypnyvqqbwcqspvgkepbizxj/Build/Intermediates.noindex/SlipStream.build/Debug-iphonesimulator/CSlipStream.build/Objects-normal/x86_64/tensor.o.scan -- /Applications/Xcode.app/Contents/Developer/Toolchains/XcodeDefault.xctoolchain/usr/bin/clang -x c -ivfsstatcache /Users/harrisonfarrell/Library/Developer/Xcode/DerivedData/SDKStatCaches.noindex/iphonesimulator26.1-23B77-3885c01c3e6b6a337905948deab2002e90cf18a4295e390e64c810bc6bd7acbc.sdkstatcache -fmessage-length\=0 -fdiagnostics-show-note-include-stack -fmacro-backtrace-limit\=0 -fno-color-diagnostics -fmodules-prune-interval\=86400 -fmodules-prune-after\=345600 -fbuild-session-file\=/Users/harrisonfarrell/Library/Developer/Xcode/DerivedData/ModuleCache.noindex/Session.modulevalidation -fmodules-validate-once-per-build-session -Wnon-modular-include-in-framework-module -Werror\=non-modular-include-in-framework-module -Wno-trigraphs -Wno-missing-field-initializers -Wno-missing-prototypes -Wno-return-type -Wno-missing-braces -Wparentheses -Wswitch -Wno-unused-function -Wno-unused-label -Wno-unused-parameter -Wno-unused-variable -Wunused-value -Wno-empty-body -Wno-uninitialized -Wno-unknown-pragmas -Wno-shadow -Wno-four-char-constants -Wno-conversion -Wno-constant-conversion -Wno-int-conversion -Wno-bool-conversion -Wno-enum-conversion -Wno-float-conversion -Wno-non-literal-null-conversion -Wno-objc-literal-conversion -Wshorten-64-to-32 -Wpointer-sign -Wno-newline-eof -Wno-implicit-fallthrough -fstrict-aliasing -Wdeprecated-declarations -Wno-sign-conversion -Wno-infinite-recursion -Wno-comma -Wno-block-capture-autoreleasing -Wno-strict-prototypes -Wno-semicolon-before-method-body -index-store-path /Users/harrisonfarrell/Library/Developer/Xcode/DerivedData/VectorLens-cmecbypnyvqqbwcqspvgkepbizxj/Index.noindex/DataStore @/Users/harrisonfarrell/Library/Developer/Xcode/DerivedData/VectorLens-cmecbypnyvqqbwcqspvgkepbizxj/Build/Intermediates.noindex/SlipStream.build/Debug-iphonesimulator/CSlipStream.build/Objects-normal/x86_64/7187679823f38a2a940e0043cdf9d637-common-args.resp -MMD -MT dependencies -MF /Users/harrisonfarrell/Library/Developer/Xcode/DerivedData/VectorLens-cmecbypnyvqqbwcqspvgkepbizxj/Build/Intermediates.noindex/SlipStream.build/Debug-iphonesimulator/CSlipStream.build/Objects-normal/x86_64/tensor.d --serialize-diagnostics /Users/harrisonfarrell/Library/Developer/Xcode/DerivedData/VectorLens-cmecbypnyvqqbwcqspvgkepbizxj/Build/Intermediates.noindex/SlipStream.build/Debug-iphonesimulator/CSlipStream.build/Objects-normal/x86_64/tensor.dia -c /Users/harrisonfarrell/Desktop/IB/embeddingios/SlipStream/src/core/tensor.c -o /Users/harrisonfarrell/Library/Developer/Xcode/DerivedData/VectorLens-cmecbypnyvqqbwcqspvgkepbizxj/Build/Intermediates.noindex/SlipStream.build/Debug-iphonesimulator/CSlipStream.build/Objects-normal/x86_64/tensor.o -index-unit-output-path /SlipStream.build/Debug-iphonesimulator/CSlipStream.build/Objects-normal/x86_64/tensor.o
/Applications/Xcode.app/Contents/Developer/Toolchains/XcodeDefault.xctoolchain/usr/lib/clang/17/include/module.modulemap:24:21: error: Module '_Builtin_intrinsics.arm.neon' requires feature 'neon' (in target 'CSlipStream' from project 'SlipStream')
    /Users/harrisonfarrell/Desktop/IB/embeddingios/SlipStream/src/backends/cpu_neon.h:14:10: note: Submodule of top-level module '_Builtin_intrinsics' implicitly imported here

ScanDependencies /Users/harrisonfarrell/Library/Developer/Xcode/DerivedData/VectorLens-cmecbypnyvqqbwcqspvgkepbizxj/Build/Intermediates.noindex/SlipStream.build/Debug-iphonesimulator/CSlipStream.build/Objects-normal/x86_64/resource_bundle_accessor.o /Users/harrisonfarrell/Library/Developer/Xcode/DerivedData/VectorLens-cmecbypnyvqqbwcqspvgkepbizxj/Build/Intermediates.noindex/SlipStream.build/Debug-iphonesimulator/CSlipStream.build/DerivedSources/resource_bundle_accessor.m normal x86_64 objective-c com.apple.compilers.llvm.clang.1_0.compiler (in target 'CSlipStream' from project 'SlipStream')
    cd /Users/harrisonfarrell/Desktop/IB/embeddingios/VectorLens.xcodeproj
    
    Using response file: /Users/harrisonfarrell/Library/Developer/Xcode/DerivedData/VectorLens-cmecbypnyvqqbwcqspvgkepbizxj/Build/Intermediates.noindex/SlipStream.build/Debug-iphonesimulator/CSlipStream.build/Objects-normal/x86_64/e6072d4f65d7061329687fe24e3d63a7-common-args.resp
    
    builtin-ScanDependencies -o /Users/harrisonfarrell/Library/Developer/Xcode/DerivedData/VectorLens-cmecbypnyvqqbwcqspvgkepbizxj/Build/Intermediates.noindex/SlipStream.build/Debug-iphonesimulator/CSlipStream.build/Objects-normal/x86_64/resource_bundle_accessor.o.scan -- /Applications/Xcode.app/Contents/Developer/Toolchains/XcodeDefault.xctoolchain/usr/bin/clang -x objective-c -ivfsstatcache /Users/harrisonfarrell/Library/Developer/Xcode/DerivedData/SDKStatCaches.noindex/iphonesimulator26.1-23B77-3885c01c3e6b6a337905948deab2002e90cf18a4295e390e64c810bc6bd7acbc.sdkstatcache -fmessage-length\=0 -fdiagnostics-show-note-include-stack -fmacro-backtrace-limit\=0 -fno-color-diagnostics -fmodules-prune-interval\=86400 -fmodules-prune-after\=345600 -fbuild-session-file\=/Users/harrisonfarrell/Library/Developer/Xcode/DerivedData/ModuleCache.noindex/Session.modulevalidation -fmodules-validate-once-per-build-session -Wnon-modular-include-in-framework-module -Werror\=non-modular-include-in-framework-module -Wno-trigraphs -Wno-missing-field-initializers -Wno-missing-prototypes -Wno-return-type -Wno-implicit-atomic-properties -Wno-objc-interface-ivars -Wno-arc-repeated-use-of-weak -Wno-missing-braces -Wparentheses -Wswitch -Wno-unused-function -Wno-unused-label -Wno-unused-parameter -Wno-unused-variable -Wunused-value -Wno-empty-body -Wno-uninitialized -Wno-unknown-pragmas -Wno-shadow -Wno-four-char-constants -Wno-conversion -Wno-constant-conversion -Wno-int-conversion -Wno-bool-conversion -Wno-enum-conversion -Wno-float-conversion -Wno-non-literal-null-conversion -Wno-objc-literal-conversion -Wshorten-64-to-32 -Wpointer-sign -Wno-newline-eof -Wno-selector -Wno-strict-selector-match -Wno-undeclared-selector -Wno-deprecated-implementations -Wno-implicit-fallthrough -fstrict-aliasing -Wprotocol -Wdeprecated-declarations -Wno-sign-conversion -Wno-infinite-recursion -Wno-comma -Wno-block-capture-autoreleasing -Wno-strict-prototypes -Wno-semicolon-before-method-body -index-store-path /Users/harrisonfarrell/Library/Developer/Xcode/DerivedData/VectorLens-cmecbypnyvqqbwcqspvgkepbizxj/Index.noindex/DataStore @/Users/harrisonfarrell/Library/Developer/Xcode/DerivedData/VectorLens-cmecbypnyvqqbwcqspvgkepbizxj/Build/Intermediates.noindex/SlipStream.build/Debug-iphonesimulator/CSlipStream.build/Objects-normal/x86_64/e6072d4f65d7061329687fe24e3d63a7-common-args.resp -include /Users/harrisonfarrell/Library/Developer/Xcode/DerivedData/VectorLens-cmecbypnyvqqbwcqspvgkepbizxj/Build/Intermediates.noindex/SlipStream.build/Debug-iphonesimulator/CSlipStream.build/DerivedSources/resource_bundle_accessor.h -MMD -MT dependencies -MF /Users/harrisonfarrell/Library/Developer/Xcode/DerivedData/VectorLens-cmecbypnyvqqbwcqspvgkepbizxj/Build/Intermediates.noindex/SlipStream.build/Debug-iphonesimulator/CSlipStream.build/Objects-normal/x86_64/resource_bundle_accessor.d --serialize-diagnostics /Users/harrisonfarrell/Library/Developer/Xcode/DerivedData/VectorLens-cmecbypnyvqqbwcqspvgkepbizxj/Build/Intermediates.noindex/SlipStream.build/Debug-iphonesimulator/CSlipStream.build/Objects-normal/x86_64/resource_bundle_accessor.dia -c /Users/harrisonfarrell/Library/Developer/Xcode/DerivedData/VectorLens-cmecbypnyvqqbwcqspvgkepbizxj/Build/Intermediates.noindex/SlipStream.build/Debug-iphonesimulator/CSlipStream.build/DerivedSources/resource_bundle_accessor.m -o /Users/harrisonfarrell/Library/Developer/Xcode/DerivedData/VectorLens-cmecbypnyvqqbwcqspvgkepbizxj/Build/Intermediates.noindex/SlipStream.build/Debug-iphonesimulator/CSlipStream.build/Objects-normal/x86_64/resource_bundle_accessor.o -index-unit-output-path /SlipStream.build/Debug-iphonesimulator/CSlipStream.build/Objects-normal/x86_64/resource_bundle_accessor.o

SwiftDriver SlipStream normal x86_64 com.apple.xcode.tools.swift.compiler (in target 'SlipStream' from project 'SlipStream')
    cd /Users/harrisonfarrell/Desktop/IB/embeddingios/VectorLens.xcodeproj
    builtin-SwiftDriver -- /Applications/Xcode.app/Contents/Developer/Toolchains/XcodeDefault.xctoolchain/usr/bin/swiftc -module-name SlipStream -Onone -enforce-exclusivity\=checked @/Users/harrisonfarrell/Library/Developer/Xcode/DerivedData/VectorLens-cmecbypnyvqqbwcqspvgkepbizxj/Build/Intermediates.noindex/SlipStream.build/Debug-iphonesimulator/SlipStream.build/Objects-normal/x86_64/SlipStream.SwiftFileList -DSWIFT_PACKAGE -DDEBUG -DSWIFT_MODULE_RESOURCE_BUNDLE_UNAVAILABLE -Xcc -fmodule-map-file\=/Users/harrisonfarrell/Library/Developer/Xcode/DerivedData/VectorLens-cmecbypnyvqqbwcqspvgkepbizxj/Build/Intermediates.noindex/GeneratedModuleMaps-iphonesimulator/CSlipStream.modulemap -DXcode -plugin-path /Applications/Xcode.app/Contents/Developer/Toolchains/XcodeDefault.xctoolchain/usr/lib/swift/host/plugins/testing -enable-experimental-feature DebugDescriptionMacro -sdk /Applications/Xcode.app/Contents/Developer/Platforms/iPhoneSimulator.platform/Developer/SDKs/iPhoneSimulator26.1.sdk -target x86_64-apple-ios15.0-simulator -g -module-cache-path /Users/harrisonfarrell/Library/Developer/Xcode/DerivedData/ModuleCache.noindex -Xfrontend -serialize-debugging-options -enable-testing -index-store-path /Users/harrisonfarrell/Library/Developer/Xcode/DerivedData/VectorLens-cmecbypnyvqqbwcqspvgkepbizxj/Index.noindex/DataStore -Xcc -D_LIBCPP_HARDENING_MODE\=_LIBCPP_HARDENING_MODE_DEBUG -swift-version 5 -I /Users/harrisonfarrell/Library/Developer/Xcode/DerivedData/VectorLens-cmecbypnyvqqbwcqspvgkepbizxj/Build/Products/Debug-iphonesimulator -Isystem /Applications/Xcode.app/Contents/Developer/Platforms/iPhoneSimulator.platform/Developer/usr/lib -F /Users/harrisonfarrell/Library/Developer/Xcode/DerivedData/VectorLens-cmecbypnyvqqbwcqspvgkepbizxj/Build/Products/Debug-iphonesimulator/PackageFrameworks -F /Users/harrisonfarrell/Library/Developer/Xcode/DerivedData/VectorLens-cmecbypnyvqqbwcqspvgkepbizxj/Build/Products/Debug-iphonesimulator -F /Applications/Xcode.app/Contents/Developer/Platforms/iPhoneSimulator.platform/Developer/Library/Frameworks -F /Applications/Xcode.app/Contents/Developer/Platforms/iPhoneSimulator.platform/Developer/SDKs/iPhoneSimulator26.1.sdk/Developer/Library/Frameworks -emit-localized-strings -emit-localized-strings-path /Users/harrisonfarrell/Library/Developer/Xcode/DerivedData/VectorLens-cmecbypnyvqqbwcqspvgkepbizxj/Build/Intermediates.noindex/SlipStream.build/Debug-iphonesimulator/SlipStream.build/Objects-normal/x86_64 -c -j10 -enable-batch-mode -incremental -Xcc -ivfsstatcache -Xcc /Users/harrisonfarrell/Library/Developer/Xcode/DerivedData/SDKStatCaches.noindex/iphonesimulator26.1-23B77-3885c01c3e6b6a337905948deab2002e90cf18a4295e390e64c810bc6bd7acbc.sdkstatcache -output-file-map /Users/harrisonfarrell/Library/Developer/Xcode/DerivedData/VectorLens-cmecbypnyvqqbwcqspvgkepbizxj/Build/Intermediates.noindex/SlipStream.build/Debug-iphonesimulator/SlipStream.build/Objects-normal/x86_64/SlipStream-OutputFileMap.json -use-frontend-parseable-output -save-temps -no-color-diagnostics -explicit-module-build -module-cache-path /Users/harrisonfarrell/Library/Developer/Xcode/DerivedData/VectorLens-cmecbypnyvqqbwcqspvgkepbizxj/Build/Intermediates.noindex/SwiftExplicitPrecompiledModules -clang-scanner-module-cache-path /Users/harrisonfarrell/Library/Developer/Xcode/DerivedData/ModuleCache.noindex -sdk-module-cache-path /Users/harrisonfarrell/Library/Developer/Xcode/DerivedData/ModuleCache.noindex -serialize-diagnostics -emit-dependencies -emit-module -emit-module-path /Users/harrisonfarrell/Library/Developer/Xcode/DerivedData/VectorLens-cmecbypnyvqqbwcqspvgkepbizxj/Build/Intermediates.noindex/SlipStream.build/Debug-iphonesimulator/SlipStream.build/Objects-normal/x86_64/SlipStream.swiftmodule -validate-clang-modules-once -clang-build-session-file /Users/harrisonfarrell/Library/Developer/Xcode/DerivedData/ModuleCache.noindex/Session.modulevalidation -package-name slipstream -Xcc -I/Users/harrisonfarrell/Library/Developer/Xcode/DerivedData/VectorLens-cmecbypnyvqqbwcqspvgkepbizxj/Build/Intermediates.noindex/SlipStream.build/Debug-iphonesimulator/SlipStream.build/swift-overrides.hmap -emit-const-values -Xfrontend -const-gather-protocols-file -Xfrontend /Users/harrisonfarrell/Library/Developer/Xcode/DerivedData/VectorLens-cmecbypnyvqqbwcqspvgkepbizxj/Build/Intermediates.noindex/SlipStream.build/Debug-iphonesimulator/SlipStream.build/Objects-normal/x86_64/SlipStream_const_extract_protocols.json -Xcc -I/Users/harrisonfarrell/Desktop/IB/embeddingios/SlipStream/include -Xcc -I/Users/harrisonfarrell/Library/Developer/Xcode/DerivedData/VectorLens-cmecbypnyvqqbwcqspvgkepbizxj/Build/Products/Debug-iphonesimulator/include -Xcc -I/Users/harrisonfarrell/Library/Developer/Xcode/DerivedData/VectorLens-cmecbypnyvqqbwcqspvgkepbizxj/Build/Intermediates.noindex/SlipStream.build/Debug-iphonesimulator/SlipStream.build/DerivedSources-normal/x86_64 -Xcc -I/Users/harrisonfarrell/Library/Developer/Xcode/DerivedData/VectorLens-cmecbypnyvqqbwcqspvgkepbizxj/Build/Intermediates.noindex/SlipStream.build/Debug-iphonesimulator/SlipStream.build/DerivedSources/x86_64 -Xcc -I/Users/harrisonfarrell/Library/Developer/Xcode/DerivedData/VectorLens-cmecbypnyvqqbwcqspvgkepbizxj/Build/Intermediates.noindex/SlipStream.build/Debug-iphonesimulator/SlipStream.build/DerivedSources -Xcc -DSWIFT_PACKAGE -Xcc -DDEBUG\=1 -emit-objc-header -emit-objc-header-path /Users/harrisonfarrell/Library/Developer/Xcode/DerivedData/VectorLens-cmecbypnyvqqbwcqspvgkepbizxj/Build/Intermediates.noindex/SlipStream.build/Debug-iphonesimulator/SlipStream.build/Objects-normal/x86_64/SlipStream-Swift.h -working-directory /Users/harrisonfarrell/Desktop/IB/embeddingios/VectorLens.xcodeproj -experimental-emit-module-separately -disable-cmo

SwiftDriver SlipStream normal arm64 com.apple.xcode.tools.swift.compiler (in target 'SlipStream' from project 'SlipStream')
    cd /Users/harrisonfarrell/Desktop/IB/embeddingios/VectorLens.xcodeproj
    builtin-SwiftDriver -- /Applications/Xcode.app/Contents/Developer/Toolchains/XcodeDefault.xctoolchain/usr/bin/swiftc -module-name SlipStream -Onone -enforce-exclusivity\=checked @/Users/harrisonfarrell/Library/Developer/Xcode/DerivedData/VectorLens-cmecbypnyvqqbwcqspvgkepbizxj/Build/Intermediates.noindex/SlipStream.build/Debug-iphonesimulator/SlipStream.build/Objects-normal/arm64/SlipStream.SwiftFileList -DSWIFT_PACKAGE -DDEBUG -DSWIFT_MODULE_RESOURCE_BUNDLE_UNAVAILABLE -Xcc -fmodule-map-file\=/Users/harrisonfarrell/Library/Developer/Xcode/DerivedData/VectorLens-cmecbypnyvqqbwcqspvgkepbizxj/Build/Intermediates.noindex/GeneratedModuleMaps-iphonesimulator/CSlipStream.modulemap -DXcode -plugin-path /Applications/Xcode.app/Contents/Developer/Toolchains/XcodeDefault.xctoolchain/usr/lib/swift/host/plugins/testing -enable-experimental-feature DebugDescriptionMacro -sdk /Applications/Xcode.app/Contents/Developer/Platforms/iPhoneSimulator.platform/Developer/SDKs/iPhoneSimulator26.1.sdk -target arm64-apple-ios15.0-simulator -g -module-cache-path /Users/harrisonfarrell/Library/Developer/Xcode/DerivedData/ModuleCache.noindex -Xfrontend -serialize-debugging-options -enable-testing -index-store-path /Users/harrisonfarrell/Library/Developer/Xcode/DerivedData/VectorLens-cmecbypnyvqqbwcqspvgkepbizxj/Index.noindex/DataStore -Xcc -D_LIBCPP_HARDENING_MODE\=_LIBCPP_HARDENING_MODE_DEBUG -swift-version 5 -I /Users/harrisonfarrell/Library/Developer/Xcode/DerivedData/VectorLens-cmecbypnyvqqbwcqspvgkepbizxj/Build/Products/Debug-iphonesimulator -Isystem /Applications/Xcode.app/Contents/Developer/Platforms/iPhoneSimulator.platform/Developer/usr/lib -F /Users/harrisonfarrell/Library/Developer/Xcode/DerivedData/VectorLens-cmecbypnyvqqbwcqspvgkepbizxj/Build/Products/Debug-iphonesimulator/PackageFrameworks -F /Users/harrisonfarrell/Library/Developer/Xcode/DerivedData/VectorLens-cmecbypnyvqqbwcqspvgkepbizxj/Build/Products/Debug-iphonesimulator -F /Applications/Xcode.app/Contents/Developer/Platforms/iPhoneSimulator.platform/Developer/Library/Frameworks -F /Applications/Xcode.app/Contents/Developer/Platforms/iPhoneSimulator.platform/Developer/SDKs/iPhoneSimulator26.1.sdk/Developer/Library/Frameworks -emit-localized-strings -emit-localized-strings-path /Users/harrisonfarrell/Library/Developer/Xcode/DerivedData/VectorLens-cmecbypnyvqqbwcqspvgkepbizxj/Build/Intermediates.noindex/SlipStream.build/Debug-iphonesimulator/SlipStream.build/Objects-normal/arm64 -c -j10 -enable-batch-mode -incremental -Xcc -ivfsstatcache -Xcc /Users/harrisonfarrell/Library/Developer/Xcode/DerivedData/SDKStatCaches.noindex/iphonesimulator26.1-23B77-3885c01c3e6b6a337905948deab2002e90cf18a4295e390e64c810bc6bd7acbc.sdkstatcache -output-file-map /Users/harrisonfarrell/Library/Developer/Xcode/DerivedData/VectorLens-cmecbypnyvqqbwcqspvgkepbizxj/Build/Intermediates.noindex/SlipStream.build/Debug-iphonesimulator/SlipStream.build/Objects-normal/arm64/SlipStream-OutputFileMap.json -use-frontend-parseable-output -save-temps -no-color-diagnostics -explicit-module-build -module-cache-path /Users/harrisonfarrell/Library/Developer/Xcode/DerivedData/VectorLens-cmecbypnyvqqbwcqspvgkepbizxj/Build/Intermediates.noindex/SwiftExplicitPrecompiledModules -clang-scanner-module-cache-path /Users/harrisonfarrell/Library/Developer/Xcode/DerivedData/ModuleCache.noindex -sdk-module-cache-path /Users/harrisonfarrell/Library/Developer/Xcode/DerivedData/ModuleCache.noindex -serialize-diagnostics -emit-dependencies -emit-module -emit-module-path /Users/harrisonfarrell/Library/Developer/Xcode/DerivedData/VectorLens-cmecbypnyvqqbwcqspvgkepbizxj/Build/Intermediates.noindex/SlipStream.build/Debug-iphonesimulator/SlipStream.build/Objects-normal/arm64/SlipStream.swiftmodule -validate-clang-modules-once -clang-build-session-file /Users/harrisonfarrell/Library/Developer/Xcode/DerivedData/ModuleCache.noindex/Session.modulevalidation -package-name slipstream -Xcc -I/Users/harrisonfarrell/Library/Developer/Xcode/DerivedData/VectorLens-cmecbypnyvqqbwcqspvgkepbizxj/Build/Intermediates.noindex/SlipStream.build/Debug-iphonesimulator/SlipStream.build/swift-overrides.hmap -emit-const-values -Xfrontend -const-gather-protocols-file -Xfrontend /Users/harrisonfarrell/Library/Developer/Xcode/DerivedData/VectorLens-cmecbypnyvqqbwcqspvgkepbizxj/Build/Intermediates.noindex/SlipStream.build/Debug-iphonesimulator/SlipStream.build/Objects-normal/arm64/SlipStream_const_extract_protocols.json -Xcc -I/Users/harrisonfarrell/Desktop/IB/embeddingios/SlipStream/include -Xcc -I/Users/harrisonfarrell/Library/Developer/Xcode/DerivedData/VectorLens-cmecbypnyvqqbwcqspvgkepbizxj/Build/Products/Debug-iphonesimulator/include -Xcc -I/Users/harrisonfarrell/Library/Developer/Xcode/DerivedData/VectorLens-cmecbypnyvqqbwcqspvgkepbizxj/Build/Intermediates.noindex/SlipStream.build/Debug-iphonesimulator/SlipStream.build/DerivedSources-normal/arm64 -Xcc -I/Users/harrisonfarrell/Library/Developer/Xcode/DerivedData/VectorLens-cmecbypnyvqqbwcqspvgkepbizxj/Build/Intermediates.noindex/SlipStream.build/Debug-iphonesimulator/SlipStream.build/DerivedSources/arm64 -Xcc -I/Users/harrisonfarrell/Library/Developer/Xcode/DerivedData/VectorLens-cmecbypnyvqqbwcqspvgkepbizxj/Build/Intermediates.noindex/SlipStream.build/Debug-iphonesimulator/SlipStream.build/DerivedSources -Xcc -DSWIFT_PACKAGE -Xcc -DDEBUG\=1 -emit-objc-header -emit-objc-header-path /Users/harrisonfarrell/Library/Developer/Xcode/DerivedData/VectorLens-cmecbypnyvqqbwcqspvgkepbizxj/Build/Intermediates.noindex/SlipStream.build/Debug-iphonesimulator/SlipStream.build/Objects-normal/arm64/SlipStream-Swift.h -working-directory /Users/harrisonfarrell/Desktop/IB/embeddingios/VectorLens.xcodeproj -experimental-emit-module-separately -disable-cmo

CompileC /Users/harrisonfarrell/Library/Developer/Xcode/DerivedData/VectorLens-cmecbypnyvqqbwcqspvgkepbizxj/Build/Intermediates.noindex/SlipStream.build/Debug-iphonesimulator/CSlipStream.build/Objects-normal/x86_64/SlipStreamVocabValidator.o /Users/harrisonfarrell/Desktop/IB/embeddingios/SlipStream/src/core/SlipStreamVocabValidator.cpp normal x86_64 c++ com.apple.compilers.llvm.clang.1_0.compiler (in target 'CSlipStream' from project 'SlipStream')
    cd /Users/harrisonfarrell/Desktop/IB/embeddingios/VectorLens.xcodeproj
    
    Using response file: /Users/harrisonfarrell/Library/Developer/Xcode/DerivedData/VectorLens-cmecbypnyvqqbwcqspvgkepbizxj/Build/Intermediates.noindex/SlipStream.build/Debug-iphonesimulator/CSlipStream.build/Objects-normal/x86_64/82b82416624d2658e5098eb0a28c15c5-common-args.resp
    
    /Applications/Xcode.app/Contents/Developer/Toolchains/XcodeDefault.xctoolchain/usr/bin/clang -x c++ -ivfsstatcache /Users/harrisonfarrell/Library/Developer/Xcode/DerivedData/SDKStatCaches.noindex/iphonesimulator26.1-23B77-3885c01c3e6b6a337905948deab2002e90cf18a4295e390e64c810bc6bd7acbc.sdkstatcache -fmessage-length\=0 -fdiagnostics-show-note-include-stack -fmacro-backtrace-limit\=0 -fno-color-diagnostics -fmodules-prune-interval\=86400 -fmodules-prune-after\=345600 -fbuild-session-file\=/Users/harrisonfarrell/Library/Developer/Xcode/DerivedData/ModuleCache.noindex/Session.modulevalidation -fmodules-validate-once-per-build-session -Wnon-modular-include-in-framework-module -Werror\=non-modular-include-in-framework-module -Wno-trigraphs -Wno-missing-field-initializers -Wno-missing-prototypes -Wno-return-type -Wno-non-virtual-dtor -Wno-overloaded-virtual -Wno-exit-time-destructors -Wno-missing-braces -Wparentheses -Wswitch -Wno-unused-function -Wno-unused-label -Wno-unused-parameter -Wno-unused-variable -Wunused-value -Wno-empty-body -Wno-uninitialized -Wno-unknown-pragmas -Wno-shadow -Wno-four-char-constants -Wno-conversion -Wno-constant-conversion -Wno-int-conversion -Wno-bool-conversion -Wno-enum-conversion -Wno-float-conversion -Wno-non-literal-null-conversion -Wno-objc-literal-conversion -Wshorten-64-to-32 -Wno-newline-eof -Wno-c++11-extensions -Wno-implicit-fallthrough -fstrict-aliasing -Wdeprecated-declarations -Winvalid-offsetof -Wno-sign-conversion -Wno-infinite-recursion -Wno-move -Wno-comma -Wno-block-capture-autoreleasing -Wno-strict-prototypes -Wno-range-loop-analysis -Wno-semicolon-before-method-body -index-store-path /Users/harrisonfarrell/Library/Developer/Xcode/DerivedData/VectorLens-cmecbypnyvqqbwcqspvgkepbizxj/Index.noindex/DataStore @/Users/harrisonfarrell/Library/Developer/Xcode/DerivedData/VectorLens-cmecbypnyvqqbwcqspvgkepbizxj/Build/Intermediates.noindex/SlipStream.build/Debug-iphonesimulator/CSlipStream.build/Objects-normal/x86_64/82b82416624d2658e5098eb0a28c15c5-common-args.resp -MMD -MT dependencies -MF /Users/harrisonfarrell/Library/Developer/Xcode/DerivedData/VectorLens-cmecbypnyvqqbwcqspvgkepbizxj/Build/Intermediates.noindex/SlipStream.build/Debug-iphonesimulator/CSlipStream.build/Objects-normal/x86_64/SlipStreamVocabValidator.d --serialize-diagnostics /Users/harrisonfarrell/Library/Developer/Xcode/DerivedData/VectorLens-cmecbypnyvqqbwcqspvgkepbizxj/Build/Intermediates.noindex/SlipStream.build/Debug-iphonesimulator/CSlipStream.build/Objects-normal/x86_64/SlipStreamVocabValidator.dia -c /Users/harrisonfarrell/Desktop/IB/embeddingios/SlipStream/src/core/SlipStreamVocabValidator.cpp -o /Users/harrisonfarrell/Library/Developer/Xcode/DerivedData/VectorLens-cmecbypnyvqqbwcqspvgkepbizxj/Build/Intermediates.noindex/SlipStream.build/Debug-iphonesimulator/CSlipStream.build/Objects-normal/x86_64/SlipStreamVocabValidator.o -index-unit-output-path /SlipStream.build/Debug-iphonesimulator/CSlipStream.build/Objects-normal/x86_64/SlipStreamVocabValidator.o

CompileC /Users/harrisonfarrell/Library/Developer/Xcode/DerivedData/VectorLens-cmecbypnyvqqbwcqspvgkepbizxj/Build/Intermediates.noindex/SlipStream.build/Debug-iphonesimulator/CSlipStream.build/Objects-normal/x86_64/SlipStreamSoftmax.o /Users/harrisonfarrell/Desktop/IB/embeddingios/SlipStream/src/core/SlipStreamSoftmax.cpp normal x86_64 c++ com.apple.compilers.llvm.clang.1_0.compiler (in target 'CSlipStream' from project 'SlipStream')
    cd /Users/harrisonfarrell/Desktop/IB/embeddingios/VectorLens.xcodeproj
    
    Using response file: /Users/harrisonfarrell/Library/Developer/Xcode/DerivedData/VectorLens-cmecbypnyvqqbwcqspvgkepbizxj/Build/Intermediates.noindex/SlipStream.build/Debug-iphonesimulator/CSlipStream.build/Objects-normal/x86_64/82b82416624d2658e5098eb0a28c15c5-common-args.resp
    
    /Applications/Xcode.app/Contents/Developer/Toolchains/XcodeDefault.xctoolchain/usr/bin/clang -x c++ -ivfsstatcache /Users/harrisonfarrell/Library/Developer/Xcode/DerivedData/SDKStatCaches.noindex/iphonesimulator26.1-23B77-3885c01c3e6b6a337905948deab2002e90cf18a4295e390e64c810bc6bd7acbc.sdkstatcache -fmessage-length\=0 -fdiagnostics-show-note-include-stack -fmacro-backtrace-limit\=0 -fno-color-diagnostics -fmodules-prune-interval\=86400 -fmodules-prune-after\=345600 -fbuild-session-file\=/Users/harrisonfarrell/Library/Developer/Xcode/DerivedData/ModuleCache.noindex/Session.modulevalidation -fmodules-validate-once-per-build-session -Wnon-modular-include-in-framework-module -Werror\=non-modular-include-in-framework-module -Wno-trigraphs -Wno-missing-field-initializers -Wno-missing-prototypes -Wno-return-type -Wno-non-virtual-dtor -Wno-overloaded-virtual -Wno-exit-time-destructors -Wno-missing-braces -Wparentheses -Wswitch -Wno-unused-function -Wno-unused-label -Wno-unused-parameter -Wno-unused-variable -Wunused-value -Wno-empty-body -Wno-uninitialized -Wno-unknown-pragmas -Wno-shadow -Wno-four-char-constants -Wno-conversion -Wno-constant-conversion -Wno-int-conversion -Wno-bool-conversion -Wno-enum-conversion -Wno-float-conversion -Wno-non-literal-null-conversion -Wno-objc-literal-conversion -Wshorten-64-to-32 -Wno-newline-eof -Wno-c++11-extensions -Wno-implicit-fallthrough -fstrict-aliasing -Wdeprecated-declarations -Winvalid-offsetof -Wno-sign-conversion -Wno-infinite-recursion -Wno-move -Wno-comma -Wno-block-capture-autoreleasing -Wno-strict-prototypes -Wno-range-loop-analysis -Wno-semicolon-before-method-body -index-store-path /Users/harrisonfarrell/Library/Developer/Xcode/DerivedData/VectorLens-cmecbypnyvqqbwcqspvgkepbizxj/Index.noindex/DataStore @/Users/harrisonfarrell/Library/Developer/Xcode/DerivedData/VectorLens-cmecbypnyvqqbwcqspvgkepbizxj/Build/Intermediates.noindex/SlipStream.build/Debug-iphonesimulator/CSlipStream.build/Objects-normal/x86_64/82b82416624d2658e5098eb0a28c15c5-common-args.resp -MMD -MT dependencies -MF /Users/harrisonfarrell/Library/Developer/Xcode/DerivedData/VectorLens-cmecbypnyvqqbwcqspvgkepbizxj/Build/Intermediates.noindex/SlipStream.build/Debug-iphonesimulator/CSlipStream.build/Objects-normal/x86_64/SlipStreamSoftmax.d --serialize-diagnostics /Users/harrisonfarrell/Library/Developer/Xcode/DerivedData/VectorLens-cmecbypnyvqqbwcqspvgkepbizxj/Build/Intermediates.noindex/SlipStream.build/Debug-iphonesimulator/CSlipStream.build/Objects-normal/x86_64/SlipStreamSoftmax.dia -c /Users/harrisonfarrell/Desktop/IB/embeddingios/SlipStream/src/core/SlipStreamSoftmax.cpp -o /Users/harrisonfarrell/Library/Developer/Xcode/DerivedData/VectorLens-cmecbypnyvqqbwcqspvgkepbizxj/Build/Intermediates.noindex/SlipStream.build/Debug-iphonesimulator/CSlipStream.build/Objects-normal/x86_64/SlipStreamSoftmax.o -index-unit-output-path /SlipStream.build/Debug-iphonesimulator/CSlipStream.build/Objects-normal/x86_64/SlipStreamSoftmax.o

** BUILD FAILED **


The following build commands failed:
	ScanDependencies /Users/harrisonfarrell/Library/Developer/Xcode/DerivedData/VectorLens-cmecbypnyvqqbwcqspvgkepbizxj/Build/Intermediates.noindex/SlipStream.build/Debug-iphonesimulator/CSlipStream.build/Objects-normal/x86_64/tensor.o /Users/harrisonfarrell/Desktop/IB/embeddingios/SlipStream/src/core/tensor.c normal x86_64 c com.apple.compilers.llvm.clang.1_0.compiler (in target 'CSlipStream' from project 'SlipStream')
	Building project VectorLens with scheme VectorLens
(2 failures)
